-- --------------------------------------------------------
-- Host:                         localhost
-- Versión del servidor:         5.7.24 - MySQL Community Server (GPL)
-- SO del servidor:              Win64
-- HeidiSQL Versión:             10.2.0.5599
-- --------------------------------------------------------

/*!40101 SET @OLD_CHARACTER_SET_CLIENT=@@CHARACTER_SET_CLIENT */;
/*!40101 SET NAMES utf8 */;
/*!50503 SET NAMES utf8mb4 */;
/*!40014 SET @OLD_FOREIGN_KEY_CHECKS=@@FOREIGN_KEY_CHECKS, FOREIGN_KEY_CHECKS=0 */;
/*!40101 SET @OLD_SQL_MODE=@@SQL_MODE, SQL_MODE='NO_AUTO_VALUE_ON_ZERO' */;

-- Volcando estructura para tabla control.categoria
CREATE TABLE IF NOT EXISTS `categoria` (
  `id` int(10) unsigned NOT NULL AUTO_INCREMENT,
  `nombre` varchar(255) COLLATE utf8mb4_unicode_ci NOT NULL,
  `descripcion` text COLLATE utf8mb4_unicode_ci NOT NULL,
  `id_estado` int(10) unsigned NOT NULL,
  `user_register_id` int(10) unsigned NOT NULL,
  `created_at` timestamp NULL DEFAULT NULL,
  `updated_at` timestamp NULL DEFAULT NULL,
  PRIMARY KEY (`id`),
  KEY `categoria_user_register_id_foreign` (`user_register_id`),
  KEY `categoria_id_estado_foreign` (`id_estado`),
  CONSTRAINT `categoria_id_estado_foreign` FOREIGN KEY (`id_estado`) REFERENCES `estado` (`id`),
  CONSTRAINT `categoria_user_register_id_foreign` FOREIGN KEY (`user_register_id`) REFERENCES `users` (`id`)
) ENGINE=InnoDB AUTO_INCREMENT=3 DEFAULT CHARSET=utf8mb4 COLLATE=utf8mb4_unicode_ci;

-- Volcando datos para la tabla control.categoria: ~2 rows (aproximadamente)
/*!40000 ALTER TABLE `categoria` DISABLE KEYS */;
INSERT INTO `categoria` (`id`, `nombre`, `descripcion`, `id_estado`, `user_register_id`, `created_at`, `updated_at`) VALUES
	(1, 'Vitaminas', 'Vitaminas', 1, 9, '2020-06-07 11:32:33', '2020-06-07 11:32:34'),
	(2, 'Proteinas', 'Proteinas', 1, 1, '2020-06-07 16:37:47', '2020-06-07 16:37:47');
/*!40000 ALTER TABLE `categoria` ENABLE KEYS */;

-- Volcando estructura para tabla control.ciudades
CREATE TABLE IF NOT EXISTS `ciudades` (
  `id` int(10) unsigned NOT NULL AUTO_INCREMENT,
  `codigo` int(10) unsigned NOT NULL,
  `nombre` varchar(255) COLLATE utf8mb4_unicode_ci NOT NULL,
  `id_departamento` int(10) unsigned NOT NULL,
  PRIMARY KEY (`id`),
  KEY `ciudades_id_departamento_foreign` (`id_departamento`),
  CONSTRAINT `ciudades_id_departamento_foreign` FOREIGN KEY (`id_departamento`) REFERENCES `departamentos` (`id`)
) ENGINE=InnoDB AUTO_INCREMENT=1121 DEFAULT CHARSET=utf8mb4 COLLATE=utf8mb4_unicode_ci;

-- Volcando datos para la tabla control.ciudades: ~1.120 rows (aproximadamente)
/*!40000 ALTER TABLE `ciudades` DISABLE KEYS */;
INSERT INTO `ciudades` (`id`, `codigo`, `nombre`, `id_departamento`) VALUES
	(1, 1, 'MEDELLIN', 5),
	(2, 2, 'ABEJORRAL', 5),
	(3, 4, 'ABRIAQUI', 5),
	(4, 21, 'ALEJANDRIA', 5),
	(5, 30, 'AMAGA', 5),
	(6, 31, 'AMALFI', 5),
	(7, 34, 'ANDES', 5),
	(8, 36, 'ANGELOPOLIS', 5),
	(9, 38, 'ANGOSTURA', 5),
	(10, 40, 'ANORI', 5),
	(11, 42, 'SANTAFE DE ANTIOQUIA', 5),
	(12, 44, 'ANZA', 5),
	(13, 45, 'APARTADO', 5),
	(14, 51, 'ARBOLETES', 5),
	(15, 55, 'ARGELIA', 5),
	(16, 59, 'ARMENIA', 5),
	(17, 79, 'BARBOSA', 5),
	(18, 86, 'BELMIRA', 5),
	(19, 88, 'BELLO', 5),
	(20, 91, 'BETANIA', 5),
	(21, 93, 'BETULIA', 5),
	(22, 101, 'CIUDAD BOLIVAR', 5),
	(23, 107, 'BRICE?O', 5),
	(24, 113, 'BURITICA', 5),
	(25, 120, 'CACERES', 5),
	(26, 125, 'CAICEDO', 5),
	(27, 129, 'CALDAS', 5),
	(28, 134, 'CAMPAMENTO', 5),
	(29, 138, 'CA?ASGORDAS', 5),
	(30, 142, 'CARACOLI', 5),
	(31, 145, 'CARAMANTA', 5),
	(32, 147, 'CAREPA', 5),
	(33, 148, 'EL CARMEN DE VIBORAL', 5),
	(34, 150, 'CAROLINA', 5),
	(35, 154, 'CAUCASIA', 5),
	(36, 172, 'CHIGORODO', 5),
	(37, 190, 'CISNEROS', 5),
	(38, 197, 'COCORNA', 5),
	(39, 206, 'CONCEPCION', 5),
	(40, 209, 'CONCORDIA', 5),
	(41, 212, 'COPACABANA', 5),
	(42, 234, 'DABEIBA', 5),
	(43, 237, 'DON MATIAS', 5),
	(44, 240, 'EBEJICO', 5),
	(45, 250, 'EL BAGRE', 5),
	(46, 264, 'ENTRERRIOS', 5),
	(47, 266, 'ENVIGADO', 5),
	(48, 282, 'FREDONIA', 5),
	(49, 284, 'FRONTINO', 5),
	(50, 306, 'GIRALDO', 5),
	(51, 308, 'GIRARDOTA', 5),
	(52, 310, 'GOMEZ PLATA', 5),
	(53, 313, 'GRANADA', 5),
	(54, 315, 'GUADALUPE', 5),
	(55, 318, 'GUARNE', 5),
	(56, 321, 'GUATAPE', 5),
	(57, 347, 'HELICONIA', 5),
	(58, 353, 'HISPANIA', 5),
	(59, 360, 'ITAGUI', 5),
	(60, 361, 'ITUANGO', 5),
	(61, 364, 'JARDIN', 5),
	(62, 368, 'JERICO', 5),
	(63, 376, 'LA CEJA', 5),
	(64, 380, 'LA ESTRELLA', 5),
	(65, 390, 'LA PINTADA', 5),
	(66, 400, 'LA UNION', 5),
	(67, 411, 'LIBORINA', 5),
	(68, 425, 'MACEO', 5),
	(69, 440, 'MARINILLA', 5),
	(70, 467, 'MONTEBELLO', 5),
	(71, 475, 'MURINDO', 5),
	(72, 480, 'MUTATA', 5),
	(73, 483, 'NARI?O', 5),
	(74, 490, 'NECOCLI', 5),
	(75, 495, 'NECHI', 5),
	(76, 501, 'OLAYA', 5),
	(77, 541, 'PE?OL', 5),
	(78, 543, 'PEQUE', 5),
	(79, 576, 'PUEBLORRICO', 5),
	(80, 579, 'PUERTO BERRIO', 5),
	(81, 585, 'PUERTO NARE', 5),
	(82, 591, 'PUERTO TRIUNFO', 5),
	(83, 604, 'REMEDIOS', 5),
	(84, 607, 'RETIRO', 5),
	(85, 615, 'RIONEGRO', 5),
	(86, 628, 'SABANALARGA', 5),
	(87, 631, 'SABANETA', 5),
	(88, 642, 'SALGAR', 5),
	(89, 647, 'SAN ANDRES DE CUERQUIA', 5),
	(90, 649, 'SAN CARLOS', 5),
	(91, 652, 'SAN FRANCISCO', 5),
	(92, 656, 'SAN JERONIMO', 5),
	(93, 658, 'SAN JOSE DE LA MONTA?A', 5),
	(94, 659, 'SAN JUAN DE URABA', 5),
	(95, 660, 'SAN LUIS', 5),
	(96, 664, 'SAN PEDRO', 5),
	(97, 665, 'SAN PEDRO DE URABA', 5),
	(98, 667, 'SAN RAFAEL', 5),
	(99, 670, 'SAN ROQUE', 5),
	(100, 674, 'SAN VICENTE', 5),
	(101, 679, 'SANTA BARBARA', 5),
	(102, 686, 'SANTA ROSA DE OSOS', 5),
	(103, 690, 'SANTO DOMINGO', 5),
	(104, 697, 'EL SANTUARIO', 5),
	(105, 736, 'SEGOVIA', 5),
	(106, 756, 'SONSON', 5),
	(107, 761, 'SOPETRAN', 5),
	(108, 789, 'TAMESIS', 5),
	(109, 790, 'TARAZA', 5),
	(110, 792, 'TARSO', 5),
	(111, 809, 'TITIRIBI', 5),
	(112, 819, 'TOLEDO', 5),
	(113, 837, 'TURBO', 5),
	(114, 842, 'URAMITA', 5),
	(115, 847, 'URRAO', 5),
	(116, 854, 'VALDIVIA', 5),
	(117, 856, 'VALPARAISO', 5),
	(118, 858, 'VEGACHI', 5),
	(119, 861, 'VENECIA', 5),
	(120, 873, 'VIGIA DEL FUERTE', 5),
	(121, 885, 'YALI', 5),
	(122, 887, 'YARUMAL', 5),
	(123, 890, 'YOLOMBO', 5),
	(124, 893, 'YONDO', 5),
	(125, 895, 'ZARAGOZA', 5),
	(126, 1, 'BARRANQUILLA', 8),
	(127, 78, 'BARANOA', 8),
	(128, 137, 'CAMPO DE LA CRUZ', 8),
	(129, 141, 'CANDELARIA', 8),
	(130, 296, 'GALAPA', 8),
	(131, 372, 'JUAN DE ACOSTA', 8),
	(132, 421, 'LURUACO', 8),
	(133, 433, 'MALAMBO', 8),
	(134, 436, 'MANATI', 8),
	(135, 520, 'PALMAR DE VARELA', 8),
	(136, 549, 'PIOJO', 8),
	(137, 558, 'POLONUEVO', 8),
	(138, 560, 'PONEDERA', 8),
	(139, 573, 'PUERTO COLOMBIA', 8),
	(140, 606, 'REPELON', 8),
	(141, 634, 'SABANAGRANDE', 8),
	(142, 638, 'SABANALARGA', 8),
	(143, 675, 'SANTA LUCIA', 8),
	(144, 685, 'SANTO TOMAS', 8),
	(145, 758, 'SOLEDAD', 8),
	(146, 770, 'SUAN', 8),
	(147, 832, 'TUBARA', 8),
	(148, 849, 'USIACURI', 8),
	(149, 1, 'BOGOTA, D.C.', 11),
	(150, 1, 'CARTAGENA', 13),
	(151, 6, 'ACHI', 13),
	(152, 30, 'ALTOS DEL ROSARIO', 13),
	(153, 42, 'ARENAL', 13),
	(154, 52, 'ARJONA', 13),
	(155, 62, 'ARROYOHONDO', 13),
	(156, 74, 'BARRANCO DE LOBA', 13),
	(157, 140, 'CALAMAR', 13),
	(158, 160, 'CANTAGALLO', 13),
	(159, 188, 'CICUCO', 13),
	(160, 212, 'CORDOBA', 13),
	(161, 222, 'CLEMENCIA', 13),
	(162, 244, 'EL CARMEN DE BOLIVAR', 13),
	(163, 248, 'EL GUAMO', 13),
	(164, 268, 'EL PE?ON', 13),
	(165, 300, 'HATILLO DE LOBA', 13),
	(166, 430, 'MAGANGUE', 13),
	(167, 433, 'MAHATES', 13),
	(168, 440, 'MARGARITA', 13),
	(169, 442, 'MARIA LA BAJA', 13),
	(170, 458, 'MONTECRISTO', 13),
	(171, 468, 'MOMPOS', 13),
	(172, 490, 'NOROSI', 13),
	(173, 473, 'MORALES', 13),
	(174, 549, 'PINILLOS', 13),
	(175, 580, 'REGIDOR', 13),
	(176, 600, 'RIO VIEJO', 13),
	(177, 620, 'SAN CRISTOBAL', 13),
	(178, 647, 'SAN ESTANISLAO', 13),
	(179, 650, 'SAN FERNANDO', 13),
	(180, 654, 'SAN JACINTO', 13),
	(181, 655, 'SAN JACINTO DEL CAUCA', 13),
	(182, 657, 'SAN JUAN NEPOMUCENO', 13),
	(183, 667, 'SAN MARTIN DE LOBA', 13),
	(184, 670, 'SAN PABLO', 13),
	(185, 673, 'SANTA CATALINA', 13),
	(186, 683, 'SANTA ROSA', 13),
	(187, 688, 'SANTA ROSA DEL SUR', 13),
	(188, 744, 'SIMITI', 13),
	(189, 760, 'SOPLAVIENTO', 13),
	(190, 780, 'TALAIGUA NUEVO', 13),
	(191, 810, 'TIQUISIO', 13),
	(192, 836, 'TURBACO', 13),
	(193, 838, 'TURBANA', 13),
	(194, 873, 'VILLANUEVA', 13),
	(195, 894, 'ZAMBRANO', 13),
	(196, 1, 'TUNJA', 15),
	(197, 22, 'ALMEIDA', 15),
	(198, 47, 'AQUITANIA', 15),
	(199, 51, 'ARCABUCO', 15),
	(200, 87, 'BELEN', 15),
	(201, 90, 'BERBEO', 15),
	(202, 92, 'BETEITIVA', 15),
	(203, 97, 'BOAVITA', 15),
	(204, 104, 'BOYACA', 15),
	(205, 106, 'BRICE?O', 15),
	(206, 109, 'BUENAVISTA', 15),
	(207, 114, 'BUSBANZA', 15),
	(208, 131, 'CALDAS', 15),
	(209, 135, 'CAMPOHERMOSO', 15),
	(210, 162, 'CERINZA', 15),
	(211, 172, 'CHINAVITA', 15),
	(212, 176, 'CHIQUINQUIRA', 15),
	(213, 180, 'CHISCAS', 15),
	(214, 183, 'CHITA', 15),
	(215, 185, 'CHITARAQUE', 15),
	(216, 187, 'CHIVATA', 15),
	(217, 189, 'CIENEGA', 15),
	(218, 204, 'COMBITA', 15),
	(219, 212, 'COPER', 15),
	(220, 215, 'CORRALES', 15),
	(221, 218, 'COVARACHIA', 15),
	(222, 223, 'CUBARA', 15),
	(223, 224, 'CUCAITA', 15),
	(224, 226, 'CUITIVA', 15),
	(225, 232, 'CHIQUIZA', 15),
	(226, 236, 'CHIVOR', 15),
	(227, 238, 'DUITAMA', 15),
	(228, 244, 'EL COCUY', 15),
	(229, 248, 'EL ESPINO', 15),
	(230, 272, 'FIRAVITOBA', 15),
	(231, 276, 'FLORESTA', 15),
	(232, 293, 'GACHANTIVA', 15),
	(233, 296, 'GAMEZA', 15),
	(234, 299, 'GARAGOA', 15),
	(235, 317, 'GUACAMAYAS', 15),
	(236, 322, 'GUATEQUE', 15),
	(237, 325, 'GUAYATA', 15),
	(238, 332, 'GsICAN', 15),
	(239, 362, 'IZA', 15),
	(240, 367, 'JENESANO', 15),
	(241, 368, 'JERICO', 15),
	(242, 377, 'LABRANZAGRANDE', 15),
	(243, 380, 'LA CAPILLA', 15),
	(244, 401, 'LA VICTORIA', 15),
	(245, 403, 'LA UVITA', 15),
	(246, 407, 'VILLA DE LEYVA', 15),
	(247, 425, 'MACANAL', 15),
	(248, 442, 'MARIPI', 15),
	(249, 455, 'MIRAFLORES', 15),
	(250, 464, 'MONGUA', 15),
	(251, 466, 'MONGUI', 15),
	(252, 469, 'MONIQUIRA', 15),
	(253, 476, 'MOTAVITA', 15),
	(254, 480, 'MUZO', 15),
	(255, 491, 'NOBSA', 15),
	(256, 494, 'NUEVO COLON', 15),
	(257, 500, 'OICATA', 15),
	(258, 507, 'OTANCHE', 15),
	(259, 511, 'PACHAVITA', 15),
	(260, 514, 'PAEZ', 15),
	(261, 516, 'PAIPA', 15),
	(262, 518, 'PAJARITO', 15),
	(263, 522, 'PANQUEBA', 15),
	(264, 531, 'PAUNA', 15),
	(265, 533, 'PAYA', 15),
	(266, 537, 'PAZ DE RIO', 15),
	(267, 542, 'PESCA', 15),
	(268, 550, 'PISBA', 15),
	(269, 572, 'PUERTO BOYACA', 15),
	(270, 580, 'QUIPAMA', 15),
	(271, 599, 'RAMIRIQUI', 15),
	(272, 600, 'RAQUIRA', 15),
	(273, 621, 'RONDON', 15),
	(274, 632, 'SABOYA', 15),
	(275, 638, 'SACHICA', 15),
	(276, 646, 'SAMACA', 15),
	(277, 660, 'SAN EDUARDO', 15),
	(278, 664, 'SAN JOSE DE PARE', 15),
	(279, 667, 'SAN LUIS DE GACENO', 15),
	(280, 673, 'SAN MATEO', 15),
	(281, 676, 'SAN MIGUEL DE SEMA', 15),
	(282, 681, 'SAN PABLO DE BORBUR', 15),
	(283, 686, 'SANTANA', 15),
	(284, 690, 'SANTA MARIA', 15),
	(285, 693, 'SANTA ROSA DE VITERBO', 15),
	(286, 696, 'SANTA SOFIA', 15),
	(287, 720, 'SATIVANORTE', 15),
	(288, 723, 'SATIVASUR', 15),
	(289, 740, 'SIACHOQUE', 15),
	(290, 753, 'SOATA', 15),
	(291, 755, 'SOCOTA', 15),
	(292, 757, 'SOCHA', 15),
	(293, 759, 'SOGAMOSO', 15),
	(294, 761, 'SOMONDOCO', 15),
	(295, 762, 'SORA', 15),
	(296, 763, 'SOTAQUIRA', 15),
	(297, 764, 'SORACA', 15),
	(298, 774, 'SUSACON', 15),
	(299, 776, 'SUTAMARCHAN', 15),
	(300, 778, 'SUTATENZA', 15),
	(301, 790, 'TASCO', 15),
	(302, 798, 'TENZA', 15),
	(303, 804, 'TIBANA', 15),
	(304, 806, 'TIBASOSA', 15),
	(305, 808, 'TINJACA', 15),
	(306, 810, 'TIPACOQUE', 15),
	(307, 814, 'TOCA', 15),
	(308, 816, 'TOGsI', 15),
	(309, 820, 'TOPAGA', 15),
	(310, 822, 'TOTA', 15),
	(311, 832, 'TUNUNGUA', 15),
	(312, 835, 'TURMEQUE', 15),
	(313, 837, 'TUTA', 15),
	(314, 839, 'TUTAZA', 15),
	(315, 842, 'UMBITA', 15),
	(316, 861, 'VENTAQUEMADA', 15),
	(317, 879, 'VIRACACHA', 15),
	(318, 897, 'ZETAQUIRA', 15),
	(319, 1, 'MANIZALES', 17),
	(320, 13, 'AGUADAS', 17),
	(321, 42, 'ANSERMA', 17),
	(322, 50, 'ARANZAZU', 17),
	(323, 88, 'BELALCAZAR', 17),
	(324, 174, 'CHINCHINA', 17),
	(325, 272, 'FILADELFIA', 17),
	(326, 380, 'LA DORADA', 17),
	(327, 388, 'LA MERCED', 17),
	(328, 433, 'MANZANARES', 17),
	(329, 442, 'MARMATO', 17),
	(330, 444, 'MARQUETALIA', 17),
	(331, 446, 'MARULANDA', 17),
	(332, 486, 'NEIRA', 17),
	(333, 495, 'NORCASIA', 17),
	(334, 513, 'PACORA', 17),
	(335, 524, 'PALESTINA', 17),
	(336, 541, 'PENSILVANIA', 17),
	(337, 614, 'RIOSUCIO', 17),
	(338, 616, 'RISARALDA', 17),
	(339, 653, 'SALAMINA', 17),
	(340, 662, 'SAMANA', 17),
	(341, 665, 'SAN JOSE', 17),
	(342, 777, 'SUPIA', 17),
	(343, 867, 'VICTORIA', 17),
	(344, 873, 'VILLAMARIA', 17),
	(345, 877, 'VITERBO', 17),
	(346, 1, 'FLORENCIA', 18),
	(347, 29, 'ALBANIA', 18),
	(348, 94, 'BELEN DE LOS ANDAQUIES', 18),
	(349, 150, 'CARTAGENA DEL CHAIRA', 18),
	(350, 205, 'CURILLO', 18),
	(351, 247, 'EL DONCELLO', 18),
	(352, 256, 'EL PAUJIL', 18),
	(353, 410, 'LA MONTA?ITA', 18),
	(354, 460, 'MILAN', 18),
	(355, 479, 'MORELIA', 18),
	(356, 592, 'PUERTO RICO', 18),
	(357, 610, 'SAN JOSE DEL FRAGUA', 18),
	(358, 753, 'SAN VICENTE DEL CAGUAN', 18),
	(359, 756, 'SOLANO', 18),
	(360, 785, 'SOLITA', 18),
	(361, 860, 'VALPARAISO', 18),
	(362, 1, 'POPAYAN', 19),
	(363, 22, 'ALMAGUER', 19),
	(364, 50, 'ARGELIA', 19),
	(365, 75, 'BALBOA', 19),
	(366, 100, 'BOLIVAR', 19),
	(367, 110, 'BUENOS AIRES', 19),
	(368, 130, 'CAJIBIO', 19),
	(369, 137, 'CALDONO', 19),
	(370, 142, 'CALOTO', 19),
	(371, 212, 'CORINTO', 19),
	(372, 256, 'EL TAMBO', 19),
	(373, 290, 'FLORENCIA', 19),
	(374, 300, 'GUACHENE', 19),
	(375, 318, 'GUAPI', 19),
	(376, 355, 'INZA', 19),
	(377, 364, 'JAMBALO', 19),
	(378, 392, 'LA SIERRA', 19),
	(379, 397, 'LA VEGA', 19),
	(380, 418, 'LOPEZ', 19),
	(381, 450, 'MERCADERES', 19),
	(382, 455, 'MIRANDA', 19),
	(383, 473, 'MORALES', 19),
	(384, 513, 'PADILLA', 19),
	(385, 517, 'PAEZ', 19),
	(386, 532, 'PATIA', 19),
	(387, 533, 'PIAMONTE', 19),
	(388, 548, 'PIENDAMO', 19),
	(389, 573, 'PUERTO TEJADA', 19),
	(390, 585, 'PURACE', 19),
	(391, 622, 'ROSAS', 19),
	(392, 693, 'SAN SEBASTIAN', 19),
	(393, 698, 'SANTANDER DE QUILICHAO', 19),
	(394, 701, 'SANTA ROSA', 19),
	(395, 743, 'SILVIA', 19),
	(396, 760, 'SOTARA', 19),
	(397, 780, 'SUAREZ', 19),
	(398, 785, 'SUCRE', 19),
	(399, 807, 'TIMBIO', 19),
	(400, 809, 'TIMBIQUI', 19),
	(401, 821, 'TORIBIO', 19),
	(402, 824, 'TOTORO', 19),
	(403, 845, 'VILLA RICA', 19),
	(404, 1, 'VALLEDUPAR', 20),
	(405, 11, 'AGUACHICA', 20),
	(406, 13, 'AGUSTIN CODAZZI', 20),
	(407, 32, 'ASTREA', 20),
	(408, 45, 'BECERRIL', 20),
	(409, 60, 'BOSCONIA', 20),
	(410, 175, 'CHIMICHAGUA', 20),
	(411, 178, 'CHIRIGUANA', 20),
	(412, 228, 'CURUMANI', 20),
	(413, 238, 'EL COPEY', 20),
	(414, 250, 'EL PASO', 20),
	(415, 295, 'GAMARRA', 20),
	(416, 310, 'GONZALEZ', 20),
	(417, 383, 'LA GLORIA', 20),
	(418, 400, 'LA JAGUA DE IBIRICO', 20),
	(419, 443, 'MANAURE', 20),
	(420, 517, 'PAILITAS', 20),
	(421, 550, 'PELAYA', 20),
	(422, 570, 'PUEBLO BELLO', 20),
	(423, 614, 'RIO DE ORO', 20),
	(424, 621, 'LA PAZ', 20),
	(425, 710, 'SAN ALBERTO', 20),
	(426, 750, 'SAN DIEGO', 20),
	(427, 770, 'SAN MARTIN', 20),
	(428, 787, 'TAMALAMEQUE', 20),
	(429, 1, 'MONTERIA', 23),
	(430, 68, 'AYAPEL', 23),
	(431, 79, 'BUENAVISTA', 23),
	(432, 90, 'CANALETE', 23),
	(433, 162, 'CERETE', 23),
	(434, 168, 'CHIMA', 23),
	(435, 182, 'CHINU', 23),
	(436, 189, 'CIENAGA DE ORO', 23),
	(437, 300, 'COTORRA', 23),
	(438, 350, 'LA APARTADA', 23),
	(439, 417, 'LORICA', 23),
	(440, 419, 'LOS CORDOBAS', 23),
	(441, 464, 'MOMIL', 23),
	(442, 466, 'MONTELIBANO', 23),
	(443, 500, 'MO?ITOS', 23),
	(444, 555, 'PLANETA RICA', 23),
	(445, 570, 'PUEBLO NUEVO', 23),
	(446, 574, 'PUERTO ESCONDIDO', 23),
	(447, 580, 'PUERTO LIBERTADOR', 23),
	(448, 586, 'PURISIMA', 23),
	(449, 660, 'SAHAGUN', 23),
	(450, 670, 'SAN ANDRES SOTAVENTO', 23),
	(451, 672, 'SAN ANTERO', 23),
	(452, 675, 'SAN BERNARDO DEL VIENTO', 23),
	(453, 678, 'SAN CARLOS', 23),
	(454, 686, 'SAN PELAYO', 23),
	(455, 807, 'TIERRALTA', 23),
	(456, 855, 'VALENCIA', 23),
	(457, 1, 'AGUA DE DIOS', 25),
	(458, 19, 'ALBAN', 25),
	(459, 35, 'ANAPOIMA', 25),
	(460, 40, 'ANOLAIMA', 25),
	(461, 53, 'ARBELAEZ', 25),
	(462, 86, 'BELTRAN', 25),
	(463, 95, 'BITUIMA', 25),
	(464, 99, 'BOJACA', 25),
	(465, 120, 'CABRERA', 25),
	(466, 123, 'CACHIPAY', 25),
	(467, 126, 'CAJICA', 25),
	(468, 148, 'CAPARRAPI', 25),
	(469, 151, 'CAQUEZA', 25),
	(470, 154, 'CARMEN DE CARUPA', 25),
	(471, 168, 'CHAGUANI', 25),
	(472, 175, 'CHIA', 25),
	(473, 178, 'CHIPAQUE', 25),
	(474, 181, 'CHOACHI', 25),
	(475, 183, 'CHOCONTA', 25),
	(476, 200, 'COGUA', 25),
	(477, 214, 'COTA', 25),
	(478, 224, 'CUCUNUBA', 25),
	(479, 245, 'EL COLEGIO', 25),
	(480, 258, 'EL PE?ON', 25),
	(481, 260, 'EL ROSAL', 25),
	(482, 269, 'FACATATIVA', 25),
	(483, 279, 'FOMEQUE', 25),
	(484, 281, 'FOSCA', 25),
	(485, 286, 'FUNZA', 25),
	(486, 288, 'FUQUENE', 25),
	(487, 290, 'FUSAGASUGA', 25),
	(488, 293, 'GACHALA', 25),
	(489, 295, 'GACHANCIPA', 25),
	(490, 297, 'GACHETA', 25),
	(491, 299, 'GAMA', 25),
	(492, 307, 'GIRARDOT', 25),
	(493, 312, 'GRANADA', 25),
	(494, 317, 'GUACHETA', 25),
	(495, 320, 'GUADUAS', 25),
	(496, 322, 'GUASCA', 25),
	(497, 324, 'GUATAQUI', 25),
	(498, 326, 'GUATAVITA', 25),
	(499, 328, 'GUAYABAL DE SIQUIMA', 25),
	(500, 335, 'GUAYABETAL', 25),
	(501, 339, 'GUTIERREZ', 25),
	(502, 368, 'JERUSALEN', 25),
	(503, 372, 'JUNIN', 25),
	(504, 377, 'LA CALERA', 25),
	(505, 386, 'LA MESA', 25),
	(506, 394, 'LA PALMA', 25),
	(507, 398, 'LA PE?A', 25),
	(508, 402, 'LA VEGA', 25),
	(509, 407, 'LENGUAZAQUE', 25),
	(510, 426, 'MACHETA', 25),
	(511, 430, 'MADRID', 25),
	(512, 436, 'MANTA', 25),
	(513, 438, 'MEDINA', 25),
	(514, 473, 'MOSQUERA', 25),
	(515, 483, 'NARI?O', 25),
	(516, 486, 'NEMOCON', 25),
	(517, 488, 'NILO', 25),
	(518, 489, 'NIMAIMA', 25),
	(519, 491, 'NOCAIMA', 25),
	(520, 506, 'VENECIA', 25),
	(521, 513, 'PACHO', 25),
	(522, 518, 'PAIME', 25),
	(523, 524, 'PANDI', 25),
	(524, 530, 'PARATEBUENO', 25),
	(525, 535, 'PASCA', 25),
	(526, 572, 'PUERTO SALGAR', 25),
	(527, 580, 'PULI', 25),
	(528, 592, 'QUEBRADANEGRA', 25),
	(529, 594, 'QUETAME', 25),
	(530, 596, 'QUIPILE', 25),
	(531, 599, 'APULO', 25),
	(532, 612, 'RICAURTE', 25),
	(533, 645, 'SAN ANTONIO DEL TEQUENDAMA', 25),
	(534, 649, 'SAN BERNARDO', 25),
	(535, 653, 'SAN CAYETANO', 25),
	(536, 658, 'SAN FRANCISCO', 25),
	(537, 662, 'SAN JUAN DE RIO SECO', 25),
	(538, 718, 'SASAIMA', 25),
	(539, 736, 'SESQUILE', 25),
	(540, 740, 'SIBATE', 25),
	(541, 743, 'SILVANIA', 25),
	(542, 745, 'SIMIJACA', 25),
	(543, 754, 'SOACHA', 25),
	(544, 758, 'SOPO', 25),
	(545, 769, 'SUBACHOQUE', 25),
	(546, 772, 'SUESCA', 25),
	(547, 777, 'SUPATA', 25),
	(548, 779, 'SUSA', 25),
	(549, 781, 'SUTATAUSA', 25),
	(550, 785, 'TABIO', 25),
	(551, 793, 'TAUSA', 25),
	(552, 797, 'TENA', 25),
	(553, 799, 'TENJO', 25),
	(554, 805, 'TIBACUY', 25),
	(555, 807, 'TIBIRITA', 25),
	(556, 815, 'TOCAIMA', 25),
	(557, 817, 'TOCANCIPA', 25),
	(558, 823, 'TOPAIPI', 25),
	(559, 839, 'UBALA', 25),
	(560, 841, 'UBAQUE', 25),
	(561, 843, 'VILLA DE SAN DIEGO DE UBATE', 25),
	(562, 845, 'UNE', 25),
	(563, 851, 'UTICA', 25),
	(564, 862, 'VERGARA', 25),
	(565, 867, 'VIANI', 25),
	(566, 871, 'VILLAGOMEZ', 25),
	(567, 873, 'VILLAPINZON', 25),
	(568, 875, 'VILLETA', 25),
	(569, 878, 'VIOTA', 25),
	(570, 885, 'YACOPI', 25),
	(571, 898, 'ZIPACON', 25),
	(572, 899, 'ZIPAQUIRA', 25),
	(573, 1, 'QUIBDO', 27),
	(574, 6, 'ACANDI', 27),
	(575, 25, 'ALTO BAUDO', 27),
	(576, 50, 'ATRATO', 27),
	(577, 73, 'BAGADO', 27),
	(578, 75, 'BAHIA SOLANO', 27),
	(579, 77, 'BAJO BAUDO', 27),
	(580, 99, 'BOJAYA', 27),
	(581, 135, 'EL CANTON DEL SAN PABLO', 27),
	(582, 150, 'CARMEN DEL DARIEN', 27),
	(583, 160, 'CERTEGUI', 27),
	(584, 205, 'CONDOTO', 27),
	(585, 245, 'EL CARMEN DE ATRATO', 27),
	(586, 250, 'EL LITORAL DEL SAN JUAN', 27),
	(587, 361, 'ISTMINA', 27),
	(588, 372, 'JURADO', 27),
	(589, 413, 'LLORO', 27),
	(590, 425, 'MEDIO ATRATO', 27),
	(591, 430, 'MEDIO BAUDO', 27),
	(592, 450, 'MEDIO SAN JUAN', 27),
	(593, 491, 'NOVITA', 27),
	(594, 495, 'NUQUI', 27),
	(595, 580, 'RIO IRO', 27),
	(596, 600, 'RIO QUITO', 27),
	(597, 615, 'RIOSUCIO', 27),
	(598, 660, 'SAN JOSE DEL PALMAR', 27),
	(599, 745, 'SIPI', 27),
	(600, 787, 'TADO', 27),
	(601, 800, 'UNGUIA', 27),
	(602, 810, 'UNION PANAMERICANA', 27),
	(603, 1, 'NEIVA', 41),
	(604, 6, 'ACEVEDO', 41),
	(605, 13, 'AGRADO', 41),
	(606, 16, 'AIPE', 41),
	(607, 20, 'ALGECIRAS', 41),
	(608, 26, 'ALTAMIRA', 41),
	(609, 78, 'BARAYA', 41),
	(610, 132, 'CAMPOALEGRE', 41),
	(611, 206, 'COLOMBIA', 41),
	(612, 244, 'ELIAS', 41),
	(613, 298, 'GARZON', 41),
	(614, 306, 'GIGANTE', 41),
	(615, 319, 'GUADALUPE', 41),
	(616, 349, 'HOBO', 41),
	(617, 357, 'IQUIRA', 41),
	(618, 359, 'ISNOS', 41),
	(619, 378, 'LA ARGENTINA', 41),
	(620, 396, 'LA PLATA', 41),
	(621, 483, 'NATAGA', 41),
	(622, 503, 'OPORAPA', 41),
	(623, 518, 'PAICOL', 41),
	(624, 524, 'PALERMO', 41),
	(625, 530, 'PALESTINA', 41),
	(626, 548, 'PITAL', 41),
	(627, 551, 'PITALITO', 41),
	(628, 615, 'RIVERA', 41),
	(629, 660, 'SALADOBLANCO', 41),
	(630, 668, 'SAN AGUSTIN', 41),
	(631, 676, 'SANTA MARIA', 41),
	(632, 770, 'SUAZA', 41),
	(633, 791, 'TARQUI', 41),
	(634, 797, 'TESALIA', 41),
	(635, 799, 'TELLO', 41),
	(636, 801, 'TERUEL', 41),
	(637, 807, 'TIMANA', 41),
	(638, 872, 'VILLAVIEJA', 41),
	(639, 885, 'YAGUARA', 41),
	(640, 1, 'RIOHACHA', 44),
	(641, 35, 'ALBANIA', 44),
	(642, 78, 'BARRANCAS', 44),
	(643, 90, 'DIBULLA', 44),
	(644, 98, 'DISTRACCION', 44),
	(645, 110, 'EL MOLINO', 44),
	(646, 279, 'FONSECA', 44),
	(647, 378, 'HATONUEVO', 44),
	(648, 420, 'LA JAGUA DEL PILAR', 44),
	(649, 430, 'MAICAO', 44),
	(650, 560, 'MANAURE', 44),
	(651, 650, 'SAN JUAN DEL CESAR', 44),
	(652, 847, 'URIBIA', 44),
	(653, 855, 'URUMITA', 44),
	(654, 874, 'VILLANUEVA', 44),
	(655, 1, 'SANTA MARTA', 47),
	(656, 30, 'ALGARROBO', 47),
	(657, 53, 'ARACATACA', 47),
	(658, 58, 'ARIGUANI', 47),
	(659, 161, 'CERRO SAN ANTONIO', 47),
	(660, 170, 'CHIBOLO', 47),
	(661, 189, 'CIENAGA', 47),
	(662, 205, 'CONCORDIA', 47),
	(663, 245, 'EL BANCO', 47),
	(664, 258, 'EL PI?ON', 47),
	(665, 268, 'EL RETEN', 47),
	(666, 288, 'FUNDACION', 47),
	(667, 318, 'GUAMAL', 47),
	(668, 460, 'NUEVA GRANADA', 47),
	(669, 541, 'PEDRAZA', 47),
	(670, 545, 'PIJI?O DEL CARMEN', 47),
	(671, 551, 'PIVIJAY', 47),
	(672, 555, 'PLATO', 47),
	(673, 570, 'PUEBLOVIEJO', 47),
	(674, 605, 'REMOLINO', 47),
	(675, 660, 'SABANAS DE SAN ANGEL', 47),
	(676, 675, 'SALAMINA', 47),
	(677, 692, 'SAN SEBASTIAN DE BUENAVISTA', 47),
	(678, 703, 'SAN ZENON', 47),
	(679, 707, 'SANTA ANA', 47),
	(680, 720, 'SANTA BARBARA DE PINTO', 47),
	(681, 745, 'SITIONUEVO', 47),
	(682, 798, 'TENERIFE', 47),
	(683, 960, 'ZAPAYAN', 47),
	(684, 980, 'ZONA BANANERA', 47),
	(685, 1, 'VILLAVICENCIO', 50),
	(686, 6, 'ACACIAS', 50),
	(687, 110, 'BARRANCA DE UPIA', 50),
	(688, 124, 'CABUYARO', 50),
	(689, 150, 'CASTILLA LA NUEVA', 50),
	(690, 223, 'CUBARRAL', 50),
	(691, 226, 'CUMARAL', 50),
	(692, 245, 'EL CALVARIO', 50),
	(693, 251, 'EL CASTILLO', 50),
	(694, 270, 'EL DORADO', 50),
	(695, 287, 'FUENTE DE ORO', 50),
	(696, 313, 'GRANADA', 50),
	(697, 318, 'GUAMAL', 50),
	(698, 325, 'MAPIRIPAN', 50),
	(699, 330, 'MESETAS', 50),
	(700, 350, 'LA MACARENA', 50),
	(701, 370, 'URIBE', 50),
	(702, 400, 'LEJANIAS', 50),
	(703, 450, 'PUERTO CONCORDIA', 50),
	(704, 568, 'PUERTO GAITAN', 50),
	(705, 573, 'PUERTO LOPEZ', 50),
	(706, 577, 'PUERTO LLERAS', 50),
	(707, 590, 'PUERTO RICO', 50),
	(708, 606, 'RESTREPO', 50),
	(709, 680, 'SAN CARLOS DE GUAROA', 50),
	(710, 683, 'SAN JUAN DE ARAMA', 50),
	(711, 686, 'SAN JUANITO', 50),
	(712, 689, 'SAN MARTIN', 50),
	(713, 711, 'VISTAHERMOSA', 50),
	(714, 1, 'PASTO', 52),
	(715, 19, 'ALBAN', 52),
	(716, 22, 'ALDANA', 52),
	(717, 36, 'ANCUYA', 52),
	(718, 51, 'ARBOLEDA', 52),
	(719, 79, 'BARBACOAS', 52),
	(720, 83, 'BELEN', 52),
	(721, 110, 'BUESACO', 52),
	(722, 203, 'COLON', 52),
	(723, 207, 'CONSACA', 52),
	(724, 210, 'CONTADERO', 52),
	(725, 215, 'CORDOBA', 52),
	(726, 224, 'CUASPUD', 52),
	(727, 227, 'CUMBAL', 52),
	(728, 233, 'CUMBITARA', 52),
	(729, 240, 'CHACHAGsI', 52),
	(730, 250, 'EL CHARCO', 52),
	(731, 254, 'EL PE?OL', 52),
	(732, 256, 'EL ROSARIO', 52),
	(733, 258, 'EL TABLON DE GOMEZ', 52),
	(734, 260, 'EL TAMBO', 52),
	(735, 287, 'FUNES', 52),
	(736, 317, 'GUACHUCAL', 52),
	(737, 320, 'GUAITARILLA', 52),
	(738, 323, 'GUALMATAN', 52),
	(739, 352, 'ILES', 52),
	(740, 354, 'IMUES', 52),
	(741, 356, 'IPIALES', 52),
	(742, 378, 'LA CRUZ', 52),
	(743, 381, 'LA FLORIDA', 52),
	(744, 385, 'LA LLANADA', 52),
	(745, 390, 'LA TOLA', 52),
	(746, 399, 'LA UNION', 52),
	(747, 405, 'LEIVA', 52),
	(748, 411, 'LINARES', 52),
	(749, 418, 'LOS ANDES', 52),
	(750, 427, 'MAGsI', 52),
	(751, 435, 'MALLAMA', 52),
	(752, 473, 'MOSQUERA', 52),
	(753, 480, 'NARI?O', 52),
	(754, 490, 'OLAYA HERRERA', 52),
	(755, 506, 'OSPINA', 52),
	(756, 520, 'FRANCISCO PIZARRO', 52),
	(757, 540, 'POLICARPA', 52),
	(758, 560, 'POTOSI', 52),
	(759, 565, 'PROVIDENCIA', 52),
	(760, 573, 'PUERRES', 52),
	(761, 585, 'PUPIALES', 52),
	(762, 612, 'RICAURTE', 52),
	(763, 621, 'ROBERTO PAYAN', 52),
	(764, 678, 'SAMANIEGO', 52),
	(765, 683, 'SANDONA', 52),
	(766, 685, 'SAN BERNARDO', 52),
	(767, 687, 'SAN LORENZO', 52),
	(768, 693, 'SAN PABLO', 52),
	(769, 694, 'SAN PEDRO DE CARTAGO', 52),
	(770, 696, 'SANTA BARBARA', 52),
	(771, 699, 'SANTACRUZ', 52),
	(772, 720, 'SAPUYES', 52),
	(773, 786, 'TAMINANGO', 52),
	(774, 788, 'TANGUA', 52),
	(775, 835, 'SAN ANDRES DE TUMACO', 52),
	(776, 838, 'TUQUERRES', 52),
	(777, 885, 'YACUANQUER', 52),
	(778, 1, 'CUCUTA', 54),
	(779, 3, 'ABREGO', 54),
	(780, 51, 'ARBOLEDAS', 54),
	(781, 99, 'BOCHALEMA', 54),
	(782, 109, 'BUCARASICA', 54),
	(783, 125, 'CACOTA', 54),
	(784, 128, 'CACHIRA', 54),
	(785, 172, 'CHINACOTA', 54),
	(786, 174, 'CHITAGA', 54),
	(787, 206, 'CONVENCION', 54),
	(788, 223, 'CUCUTILLA', 54),
	(789, 239, 'DURANIA', 54),
	(790, 245, 'EL CARMEN', 54),
	(791, 250, 'EL TARRA', 54),
	(792, 261, 'EL ZULIA', 54),
	(793, 313, 'GRAMALOTE', 54),
	(794, 344, 'HACARI', 54),
	(795, 347, 'HERRAN', 54),
	(796, 377, 'LABATECA', 54),
	(797, 385, 'LA ESPERANZA', 54),
	(798, 398, 'LA PLAYA', 54),
	(799, 405, 'LOS PATIOS', 54),
	(800, 418, 'LOURDES', 54),
	(801, 480, 'MUTISCUA', 54),
	(802, 498, 'OCA?A', 54),
	(803, 518, 'PAMPLONA', 54),
	(804, 520, 'PAMPLONITA', 54),
	(805, 553, 'PUERTO SANTANDER', 54),
	(806, 599, 'RAGONVALIA', 54),
	(807, 660, 'SALAZAR', 54),
	(808, 670, 'SAN CALIXTO', 54),
	(809, 673, 'SAN CAYETANO', 54),
	(810, 680, 'SANTIAGO', 54),
	(811, 720, 'SARDINATA', 54),
	(812, 743, 'SILOS', 54),
	(813, 800, 'TEORAMA', 54),
	(814, 810, 'TIBU', 54),
	(815, 820, 'TOLEDO', 54),
	(816, 871, 'VILLA CARO', 54),
	(817, 874, 'VILLA DEL ROSARIO', 54),
	(818, 1, 'ARMENIA', 63),
	(819, 111, 'BUENAVISTA', 63),
	(820, 130, 'CALARCA', 63),
	(821, 190, 'CIRCASIA', 63),
	(822, 212, 'CORDOBA', 63),
	(823, 272, 'FILANDIA', 63),
	(824, 302, 'GENOVA', 63),
	(825, 401, 'LA TEBAIDA', 63),
	(826, 470, 'MONTENEGRO', 63),
	(827, 548, 'PIJAO', 63),
	(828, 594, 'QUIMBAYA', 63),
	(829, 690, 'SALENTO', 63),
	(830, 1, 'PEREIRA', 66),
	(831, 45, 'APIA', 66),
	(832, 75, 'BALBOA', 66),
	(833, 88, 'BELEN DE UMBRIA', 66),
	(834, 170, 'DOSQUEBRADAS', 66),
	(835, 318, 'GUATICA', 66),
	(836, 383, 'LA CELIA', 66),
	(837, 400, 'LA VIRGINIA', 66),
	(838, 440, 'MARSELLA', 66),
	(839, 456, 'MISTRATO', 66),
	(840, 572, 'PUEBLO RICO', 66),
	(841, 594, 'QUINCHIA', 66),
	(842, 682, 'SANTA ROSA DE CABAL', 66),
	(843, 687, 'SANTUARIO', 66),
	(844, 1, 'BUCARAMANGA', 68),
	(845, 13, 'AGUADA', 68),
	(846, 20, 'ALBANIA', 68),
	(847, 51, 'ARATOCA', 68),
	(848, 77, 'BARBOSA', 68),
	(849, 79, 'BARICHARA', 68),
	(850, 81, 'BARRANCABERMEJA', 68),
	(851, 92, 'BETULIA', 68),
	(852, 101, 'BOLIVAR', 68),
	(853, 121, 'CABRERA', 68),
	(854, 132, 'CALIFORNIA', 68),
	(855, 147, 'CAPITANEJO', 68),
	(856, 152, 'CARCASI', 68),
	(857, 160, 'CEPITA', 68),
	(858, 162, 'CERRITO', 68),
	(859, 167, 'CHARALA', 68),
	(860, 169, 'CHARTA', 68),
	(861, 176, 'CHIMA', 68),
	(862, 179, 'CHIPATA', 68),
	(863, 190, 'CIMITARRA', 68),
	(864, 207, 'CONCEPCION', 68),
	(865, 209, 'CONFINES', 68),
	(866, 211, 'CONTRATACION', 68),
	(867, 217, 'COROMORO', 68),
	(868, 229, 'CURITI', 68),
	(869, 235, 'EL CARMEN DE CHUCURI', 68),
	(870, 245, 'EL GUACAMAYO', 68),
	(871, 250, 'EL PE?ON', 68),
	(872, 255, 'EL PLAYON', 68),
	(873, 264, 'ENCINO', 68),
	(874, 266, 'ENCISO', 68),
	(875, 271, 'FLORIAN', 68),
	(876, 276, 'FLORIDABLANCA', 68),
	(877, 296, 'GALAN', 68),
	(878, 298, 'GAMBITA', 68),
	(879, 307, 'GIRON', 68),
	(880, 318, 'GUACA', 68),
	(881, 320, 'GUADALUPE', 68),
	(882, 322, 'GUAPOTA', 68),
	(883, 324, 'GUAVATA', 68),
	(884, 327, 'GsEPSA', 68),
	(885, 344, 'HATO', 68),
	(886, 368, 'JESUS MARIA', 68),
	(887, 370, 'JORDAN', 68),
	(888, 377, 'LA BELLEZA', 68),
	(889, 385, 'LANDAZURI', 68),
	(890, 397, 'LA PAZ', 68),
	(891, 406, 'LEBRIJA', 68),
	(892, 418, 'LOS SANTOS', 68),
	(893, 425, 'MACARAVITA', 68),
	(894, 432, 'MALAGA', 68),
	(895, 444, 'MATANZA', 68),
	(896, 464, 'MOGOTES', 68),
	(897, 468, 'MOLAGAVITA', 68),
	(898, 498, 'OCAMONTE', 68),
	(899, 500, 'OIBA', 68),
	(900, 502, 'ONZAGA', 68),
	(901, 522, 'PALMAR', 68),
	(902, 524, 'PALMAS DEL SOCORRO', 68),
	(903, 533, 'PARAMO', 68),
	(904, 547, 'PIEDECUESTA', 68),
	(905, 549, 'PINCHOTE', 68),
	(906, 572, 'PUENTE NACIONAL', 68),
	(907, 573, 'PUERTO PARRA', 68),
	(908, 575, 'PUERTO WILCHES', 68),
	(909, 615, 'RIONEGRO', 68),
	(910, 655, 'SABANA DE TORRES', 68),
	(911, 669, 'SAN ANDRES', 68),
	(912, 673, 'SAN BENITO', 68),
	(913, 679, 'SAN GIL', 68),
	(914, 682, 'SAN JOAQUIN', 68),
	(915, 684, 'SAN JOSE DE MIRANDA', 68),
	(916, 686, 'SAN MIGUEL', 68),
	(917, 689, 'SAN VICENTE DE CHUCURI', 68),
	(918, 705, 'SANTA BARBARA', 68),
	(919, 720, 'SANTA HELENA DEL OPON', 68),
	(920, 745, 'SIMACOTA', 68),
	(921, 755, 'SOCORRO', 68),
	(922, 770, 'SUAITA', 68),
	(923, 773, 'SUCRE', 68),
	(924, 780, 'SURATA', 68),
	(925, 820, 'TONA', 68),
	(926, 855, 'VALLE DE SAN JOSE', 68),
	(927, 861, 'VELEZ', 68),
	(928, 867, 'VETAS', 68),
	(929, 872, 'VILLANUEVA', 68),
	(930, 895, 'ZAPATOCA', 68),
	(931, 1, 'SINCELEJO', 70),
	(932, 110, 'BUENAVISTA', 70),
	(933, 124, 'CAIMITO', 70),
	(934, 204, 'COLOSO', 70),
	(935, 215, 'COROZAL', 70),
	(936, 221, 'COVE?AS', 70),
	(937, 230, 'CHALAN', 70),
	(938, 233, 'EL ROBLE', 70),
	(939, 235, 'GALERAS', 70),
	(940, 265, 'GUARANDA', 70),
	(941, 400, 'LA UNION', 70),
	(942, 418, 'LOS PALMITOS', 70),
	(943, 429, 'MAJAGUAL', 70),
	(944, 473, 'MORROA', 70),
	(945, 508, 'OVEJAS', 70),
	(946, 523, 'PALMITO', 70),
	(947, 670, 'SAMPUES', 70),
	(948, 678, 'SAN BENITO ABAD', 70),
	(949, 702, 'SAN JUAN DE BETULIA', 70),
	(950, 708, 'SAN MARCOS', 70),
	(951, 713, 'SAN ONOFRE', 70),
	(952, 717, 'SAN PEDRO', 70),
	(953, 742, 'SAN LUIS DE SINCE', 70),
	(954, 771, 'SUCRE', 70),
	(955, 820, 'SANTIAGO DE TOLU', 70),
	(956, 823, 'TOLU VIEJO', 70),
	(957, 1, 'IBAGUE', 73),
	(958, 24, 'ALPUJARRA', 73),
	(959, 26, 'ALVARADO', 73),
	(960, 30, 'AMBALEMA', 73),
	(961, 43, 'ANZOATEGUI', 73),
	(962, 55, 'ARMERO', 73),
	(963, 67, 'ATACO', 73),
	(964, 124, 'CAJAMARCA', 73),
	(965, 148, 'CARMEN DE APICALA', 73),
	(966, 152, 'CASABIANCA', 73),
	(967, 168, 'CHAPARRAL', 73),
	(968, 200, 'COELLO', 73),
	(969, 217, 'COYAIMA', 73),
	(970, 226, 'CUNDAY', 73),
	(971, 236, 'DOLORES', 73),
	(972, 268, 'ESPINAL', 73),
	(973, 270, 'FALAN', 73),
	(974, 275, 'FLANDES', 73),
	(975, 283, 'FRESNO', 73),
	(976, 319, 'GUAMO', 73),
	(977, 347, 'HERVEO', 73),
	(978, 349, 'HONDA', 73),
	(979, 352, 'ICONONZO', 73),
	(980, 408, 'LERIDA', 73),
	(981, 411, 'LIBANO', 73),
	(982, 443, 'MARIQUITA', 73),
	(983, 449, 'MELGAR', 73),
	(984, 461, 'MURILLO', 73),
	(985, 483, 'NATAGAIMA', 73),
	(986, 504, 'ORTEGA', 73),
	(987, 520, 'PALOCABILDO', 73),
	(988, 547, 'PIEDRAS', 73),
	(989, 555, 'PLANADAS', 73),
	(990, 563, 'PRADO', 73),
	(991, 585, 'PURIFICACION', 73),
	(992, 616, 'RIOBLANCO', 73),
	(993, 622, 'RONCESVALLES', 73),
	(994, 624, 'ROVIRA', 73),
	(995, 671, 'SALDA?A', 73),
	(996, 675, 'SAN ANTONIO', 73),
	(997, 678, 'SAN LUIS', 73),
	(998, 686, 'SANTA ISABEL', 73),
	(999, 770, 'SUAREZ', 73),
	(1000, 854, 'VALLE DE SAN JUAN', 73),
	(1001, 861, 'VENADILLO', 73),
	(1002, 870, 'VILLAHERMOSA', 73),
	(1003, 873, 'VILLARRICA', 73),
	(1004, 1, 'CALI', 76),
	(1005, 20, 'ALCALA', 76),
	(1006, 36, 'ANDALUCIA', 76),
	(1007, 41, 'ANSERMANUEVO', 76),
	(1008, 54, 'ARGELIA', 76),
	(1009, 100, 'BOLIVAR', 76),
	(1010, 109, 'BUENAVENTURA', 76),
	(1011, 111, 'GUADALAJARA DE BUGA', 76),
	(1012, 113, 'BUGALAGRANDE', 76),
	(1013, 122, 'CAICEDONIA', 76),
	(1014, 126, 'CALIMA', 76),
	(1015, 130, 'CANDELARIA', 76),
	(1016, 147, 'CARTAGO', 76),
	(1017, 233, 'DAGUA', 76),
	(1018, 243, 'EL AGUILA', 76),
	(1019, 246, 'EL CAIRO', 76),
	(1020, 248, 'EL CERRITO', 76),
	(1021, 250, 'EL DOVIO', 76),
	(1022, 275, 'FLORIDA', 76),
	(1023, 306, 'GINEBRA', 76),
	(1024, 318, 'GUACARI', 76),
	(1025, 364, 'JAMUNDI', 76),
	(1026, 377, 'LA CUMBRE', 76),
	(1027, 400, 'LA UNION', 76),
	(1028, 403, 'LA VICTORIA', 76),
	(1029, 497, 'OBANDO', 76),
	(1030, 520, 'PALMIRA', 76),
	(1031, 563, 'PRADERA', 76),
	(1032, 606, 'RESTREPO', 76),
	(1033, 616, 'RIOFRIO', 76),
	(1034, 622, 'ROLDANILLO', 76),
	(1035, 670, 'SAN PEDRO', 76),
	(1036, 736, 'SEVILLA', 76),
	(1037, 823, 'TORO', 76),
	(1038, 828, 'TRUJILLO', 76),
	(1039, 834, 'TULUA', 76),
	(1040, 845, 'ULLOA', 76),
	(1041, 863, 'VERSALLES', 76),
	(1042, 869, 'VIJES', 76),
	(1043, 890, 'YOTOCO', 76),
	(1044, 892, 'YUMBO', 76),
	(1045, 895, 'ZARZAL', 76),
	(1046, 1, 'ARAUCA', 81),
	(1047, 65, 'ARAUQUITA', 81),
	(1048, 220, 'CRAVO NORTE', 81),
	(1049, 300, 'FORTUL', 81),
	(1050, 591, 'PUERTO RONDON', 81),
	(1051, 736, 'SARAVENA', 81),
	(1052, 794, 'TAME', 81),
	(1053, 1, 'YOPAL', 85),
	(1054, 10, 'AGUAZUL', 85),
	(1055, 15, 'CHAMEZA', 85),
	(1056, 125, 'HATO COROZAL', 85),
	(1057, 136, 'LA SALINA', 85),
	(1058, 139, 'MANI', 85),
	(1059, 162, 'MONTERREY', 85),
	(1060, 225, 'NUNCHIA', 85),
	(1061, 230, 'OROCUE', 85),
	(1062, 250, 'PAZ DE ARIPORO', 85),
	(1063, 263, 'PORE', 85),
	(1064, 279, 'RECETOR', 85),
	(1065, 300, 'SABANALARGA', 85),
	(1066, 315, 'SACAMA', 85),
	(1067, 325, 'SAN LUIS DE PALENQUE', 85),
	(1068, 400, 'TAMARA', 85),
	(1069, 410, 'TAURAMENA', 85),
	(1070, 430, 'TRINIDAD', 85),
	(1071, 440, 'VILLANUEVA', 85),
	(1072, 1, 'MOCOA', 86),
	(1073, 219, 'COLON', 86),
	(1074, 320, 'ORITO', 86),
	(1075, 568, 'PUERTO ASIS', 86),
	(1076, 569, 'PUERTO CAICEDO', 86),
	(1077, 571, 'PUERTO GUZMAN', 86),
	(1078, 573, 'LEGUIZAMO', 86),
	(1079, 749, 'SIBUNDOY', 86),
	(1080, 755, 'SAN FRANCISCO', 86),
	(1081, 757, 'SAN MIGUEL', 86),
	(1082, 760, 'SANTIAGO', 86),
	(1083, 865, 'VALLE DEL GUAMUEZ', 86),
	(1084, 885, 'VILLAGARZON', 86),
	(1085, 1, 'SAN ANDRES', 88),
	(1086, 564, 'PROVIDENCIA', 88),
	(1087, 1, 'LETICIA', 91),
	(1088, 263, 'EL ENCANTO', 91),
	(1089, 405, 'LA CHORRERA', 91),
	(1090, 407, 'LA PEDRERA', 91),
	(1091, 430, 'LA VICTORIA', 91),
	(1092, 460, 'MIRITI - PARANA', 91),
	(1093, 530, 'PUERTO ALEGRIA', 91),
	(1094, 536, 'PUERTO ARICA', 91),
	(1095, 540, 'PUERTO NARI?O', 91),
	(1096, 669, 'PUERTO SANTANDER', 91),
	(1097, 798, 'TARAPACA', 91),
	(1098, 1, 'INIRIDA', 94),
	(1099, 343, 'BARRANCO MINAS', 94),
	(1100, 663, 'MAPIRIPANA', 94),
	(1101, 883, 'SAN FELIPE', 94),
	(1102, 884, 'PUERTO COLOMBIA', 94),
	(1103, 885, 'LA GUADALUPE', 94),
	(1104, 886, 'CACAHUAL', 94),
	(1105, 887, 'PANA PANA', 94),
	(1106, 888, 'MORICHAL', 94),
	(1107, 1, 'SAN JOSE DEL GUAVIARE', 95),
	(1108, 15, 'CALAMAR', 95),
	(1109, 25, 'EL RETORNO', 95),
	(1110, 200, 'MIRAFLORES', 95),
	(1111, 1, 'MITU', 97),
	(1112, 161, 'CARURU', 97),
	(1113, 511, 'PACOA', 97),
	(1114, 666, 'TARAIRA', 97),
	(1115, 777, 'PAPUNAUA', 97),
	(1116, 889, 'YAVARATE', 97),
	(1117, 1, 'PUERTO CARRE?O', 99),
	(1118, 524, 'LA PRIMAVERA', 99),
	(1119, 624, 'SANTA ROSALIA', 99),
	(1120, 773, 'CUMARIBO', 99);
/*!40000 ALTER TABLE `ciudades` ENABLE KEYS */;

-- Volcando estructura para tabla control.datos_empresas
CREATE TABLE IF NOT EXISTS `datos_empresas` (
  `id` int(10) unsigned NOT NULL AUTO_INCREMENT,
  `nit` bigint(20) NOT NULL,
  `digito_verificacion` int(11) NOT NULL,
  `nombre` varchar(255) COLLATE utf8mb4_unicode_ci NOT NULL,
  `telefono` bigint(20) NOT NULL,
  `direccion` varchar(255) COLLATE utf8mb4_unicode_ci NOT NULL,
  `email` varchar(255) COLLATE utf8mb4_unicode_ci NOT NULL,
  `created_at` timestamp NULL DEFAULT NULL,
  `updated_at` timestamp NULL DEFAULT NULL,
  PRIMARY KEY (`id`)
) ENGINE=InnoDB AUTO_INCREMENT=2 DEFAULT CHARSET=utf8mb4 COLLATE=utf8mb4_unicode_ci;

-- Volcando datos para la tabla control.datos_empresas: ~1 rows (aproximadamente)
/*!40000 ALTER TABLE `datos_empresas` DISABLE KEYS */;
INSERT INTO `datos_empresas` (`id`, `nit`, `digito_verificacion`, `nombre`, `telefono`, `direccion`, `email`, `created_at`, `updated_at`) VALUES
	(1, 1075288266, 6, 'Flor del Amazonas', 3184567898, 'Carrera 5 No. 11-12', 'flordelamazon@gmail.com', '2020-06-09 20:49:27', '2020-06-09 20:49:28');
/*!40000 ALTER TABLE `datos_empresas` ENABLE KEYS */;

-- Volcando estructura para tabla control.departamentos
CREATE TABLE IF NOT EXISTS `departamentos` (
  `id` int(10) unsigned NOT NULL AUTO_INCREMENT,
  `nombre` varchar(255) COLLATE utf8mb4_unicode_ci NOT NULL,
  PRIMARY KEY (`id`)
) ENGINE=InnoDB AUTO_INCREMENT=100 DEFAULT CHARSET=utf8mb4 COLLATE=utf8mb4_unicode_ci;

-- Volcando datos para la tabla control.departamentos: ~33 rows (aproximadamente)
/*!40000 ALTER TABLE `departamentos` DISABLE KEYS */;
INSERT INTO `departamentos` (`id`, `nombre`) VALUES
	(5, 'ANTIOQUIA'),
	(8, 'ATLANTICO'),
	(11, 'BOGOTA'),
	(13, 'BOLIVAR'),
	(15, 'BOYACA'),
	(17, 'CALDAS'),
	(18, 'CAQUETA'),
	(19, 'CAUCA'),
	(20, 'CESAR'),
	(23, 'CORDOBA'),
	(25, 'CUNDINAMARCA'),
	(27, 'CHOCO'),
	(41, 'HUILA'),
	(44, 'LA GUAJIRA'),
	(47, 'MAGDALENA'),
	(50, 'META'),
	(52, 'NARI?O'),
	(54, 'N. DE SANTANDER'),
	(63, 'QUINDIO'),
	(66, 'RISARALDA'),
	(68, 'SANTANDER'),
	(70, 'SUCRE'),
	(73, 'TOLIMA'),
	(76, 'VALLE DEL CAUCA'),
	(81, 'ARAUCA'),
	(85, 'CASANARE'),
	(86, 'PUTUMAYO'),
	(88, 'SAN ANDRES'),
	(91, 'AMAZONAS'),
	(94, 'GUAINIA'),
	(95, 'GUAVIARE'),
	(97, 'VAUPES'),
	(99, 'VICHADA');
/*!40000 ALTER TABLE `departamentos` ENABLE KEYS */;

-- Volcando estructura para tabla control.detalle_facturas
CREATE TABLE IF NOT EXISTS `detalle_facturas` (
  `factura_numero` int(10) unsigned DEFAULT NULL,
  `producto_codigo` int(10) unsigned NOT NULL DEFAULT '0',
  `cantidad` int(10) unsigned NOT NULL,
  `precio_initario` decimal(10,2) NOT NULL,
  `iva` decimal(10,2) NOT NULL,
  `total` decimal(10,2) NOT NULL,
  `created_at` timestamp NULL DEFAULT NULL,
  `updated_at` timestamp NULL DEFAULT NULL,
  KEY `detalle_facturas_factura_numero_foreign` (`factura_numero`),
  CONSTRAINT `detalle_facturas_factura_numero_foreign` FOREIGN KEY (`factura_numero`) REFERENCES `facturas` (`numero`)
) ENGINE=InnoDB DEFAULT CHARSET=utf8mb4 COLLATE=utf8mb4_unicode_ci;

-- Volcando datos para la tabla control.detalle_facturas: ~0 rows (aproximadamente)
/*!40000 ALTER TABLE `detalle_facturas` DISABLE KEYS */;
/*!40000 ALTER TABLE `detalle_facturas` ENABLE KEYS */;

-- Volcando estructura para tabla control.detalle_ocs
CREATE TABLE IF NOT EXISTS `detalle_ocs` (
  `numero_orden` int(10) unsigned NOT NULL DEFAULT '0',
  `codigo_producto` int(10) unsigned NOT NULL,
  `cantidad` int(10) unsigned NOT NULL,
  `cant_recibida` int(10) unsigned NOT NULL,
  `valor_unitario` float unsigned NOT NULL DEFAULT '0',
  `valor_impuesto` int(10) unsigned NOT NULL DEFAULT '0',
  `valor_total` int(10) unsigned NOT NULL,
  `id_estado` int(10) unsigned NOT NULL,
  `created_at` timestamp NULL DEFAULT NULL,
  `updated_at` timestamp NULL DEFAULT NULL,
  KEY `FK_orden_numero` (`numero_orden`),
  CONSTRAINT `FK_orden_numero` FOREIGN KEY (`numero_orden`) REFERENCES `orden_compras` (`numero`) ON DELETE CASCADE
) ENGINE=InnoDB DEFAULT CHARSET=utf8mb4 COLLATE=utf8mb4_unicode_ci;

-- Volcando datos para la tabla control.detalle_ocs: ~15 rows (aproximadamente)
/*!40000 ALTER TABLE `detalle_ocs` DISABLE KEYS */;
INSERT INTO `detalle_ocs` (`numero_orden`, `codigo_producto`, `cantidad`, `cant_recibida`, `valor_unitario`, `valor_impuesto`, `valor_total`, `id_estado`, `created_at`, `updated_at`) VALUES
	(5000, 1002, 3, 0, 10000, 5700, 107700, 1, NULL, '2020-07-14 18:22:32'),
	(5000, 1003, 3, 0, 9000, 0, 107700, 1, NULL, '2020-07-14 18:22:32'),
	(5000, 1004, 5, 0, 9000, 0, 107700, 1, NULL, '2020-07-14 18:22:32'),
	(5001, 1002, 2, 2, 10000, 3800, 32800, 1, '2020-07-12 23:03:30', '2020-07-16 19:41:19'),
	(5001, 1003, 2, 2, 9000, 0, 32800, 1, '2020-07-12 23:03:30', '2020-07-16 19:43:04'),
	(5002, 1002, 3, 3, 10000, 5700, 23800, 1, '2020-07-12 23:13:45', '2020-07-16 19:54:52'),
	(5002, 1003, 2, 2, 9000, 0, 9000, 1, '2020-07-12 23:13:45', '2020-07-16 19:55:18'),
	(5003, 1002, 2, 0, 10000, 3800, 23800, 1, '2020-07-13 16:24:48', '2020-07-13 16:24:48'),
	(5004, 1002, 4, 4, 10000, 7600, 11900, 1, '2020-07-14 14:12:41', '2020-07-17 13:18:25'),
	(5005, 1002, 2, 2, 10000, 3800, 23800, 1, '2020-07-16 09:24:03', '2020-07-17 13:33:45'),
	(5006, 1002, 2, 2, 10000, 3800, 23800, 1, '2020-07-16 09:46:04', '2020-07-17 14:07:37'),
	(5006, 1003, 2, 1, 9000, 0, 18000, 1, '2020-07-16 09:46:04', '2020-07-17 14:08:33'),
	(5007, 1007, 3, 3, 14000, 0, 42000, 1, '2020-07-17 12:21:13', '2020-07-17 13:36:04'),
	(5007, 1008, 7, 7, 7000, 0, 49000, 1, '2020-07-17 12:21:13', '2020-07-17 13:37:11'),
	(5007, 1009, 10, 5, 1000, 0, 10000, 1, '2020-07-17 12:21:13', '2020-07-17 14:06:24');
/*!40000 ALTER TABLE `detalle_ocs` ENABLE KEYS */;

-- Volcando estructura para tabla control.estado
CREATE TABLE IF NOT EXISTS `estado` (
  `id` int(10) unsigned NOT NULL AUTO_INCREMENT,
  `codigo` varchar(255) COLLATE utf8mb4_unicode_ci NOT NULL,
  `descripcion` varchar(255) COLLATE utf8mb4_unicode_ci NOT NULL,
  `class` varchar(255) COLLATE utf8mb4_unicode_ci NOT NULL,
  PRIMARY KEY (`id`)
) ENGINE=InnoDB AUTO_INCREMENT=7 DEFAULT CHARSET=utf8mb4 COLLATE=utf8mb4_unicode_ci;

-- Volcando datos para la tabla control.estado: ~6 rows (aproximadamente)
/*!40000 ALTER TABLE `estado` DISABLE KEYS */;
INSERT INTO `estado` (`id`, `codigo`, `descripcion`, `class`) VALUES
	(1, '1', 'ACTIVO', 'success'),
	(2, '0', 'INACTIVO', 'danger'),
	(3, '3', 'ANULADO', 'danger'),
	(4, '4', 'PENDIENTE', 'success'),
	(5, '5', 'PARCIAL', 'info'),
	(6, '6', 'PENDIENTE FACTURACION', 'warning');
/*!40000 ALTER TABLE `estado` ENABLE KEYS */;

-- Volcando estructura para tabla control.facturas
CREATE TABLE IF NOT EXISTS `facturas` (
  `id` int(10) unsigned NOT NULL,
  `numero` int(10) unsigned NOT NULL,
  `cliente_documento` bigint(20) DEFAULT NULL,
  `iva` decimal(10,2) NOT NULL,
  `subtotal` decimal(10,2) NOT NULL,
  `total` decimal(10,2) NOT NULL,
  `created_at` timestamp NULL DEFAULT NULL,
  `updated_at` timestamp NULL DEFAULT NULL,
  UNIQUE KEY `facturas_numero_unique` (`numero`),
  KEY `facturas_cliente_documento_foreign` (`cliente_documento`),
  CONSTRAINT `facturas_cliente_documento_foreign` FOREIGN KEY (`cliente_documento`) REFERENCES `personas` (`documento`)
) ENGINE=InnoDB DEFAULT CHARSET=utf8mb4 COLLATE=utf8mb4_unicode_ci;

-- Volcando datos para la tabla control.facturas: ~0 rows (aproximadamente)
/*!40000 ALTER TABLE `facturas` DISABLE KEYS */;
/*!40000 ALTER TABLE `facturas` ENABLE KEYS */;

-- Volcando estructura para tabla control.failed_jobs
CREATE TABLE IF NOT EXISTS `failed_jobs` (
  `id` bigint(20) unsigned NOT NULL AUTO_INCREMENT,
  `connection` text COLLATE utf8mb4_unicode_ci NOT NULL,
  `queue` text COLLATE utf8mb4_unicode_ci NOT NULL,
  `payload` longtext COLLATE utf8mb4_unicode_ci NOT NULL,
  `exception` longtext COLLATE utf8mb4_unicode_ci NOT NULL,
  `failed_at` timestamp NOT NULL DEFAULT CURRENT_TIMESTAMP,
  PRIMARY KEY (`id`)
) ENGINE=InnoDB DEFAULT CHARSET=utf8mb4 COLLATE=utf8mb4_unicode_ci;

-- Volcando datos para la tabla control.failed_jobs: ~0 rows (aproximadamente)
/*!40000 ALTER TABLE `failed_jobs` DISABLE KEYS */;
/*!40000 ALTER TABLE `failed_jobs` ENABLE KEYS */;

-- Volcando estructura para tabla control.images
CREATE TABLE IF NOT EXISTS `images` (
  `id` bigint(20) unsigned NOT NULL AUTO_INCREMENT,
  `producto_id` int(10) unsigned NOT NULL,
  `url` varchar(255) COLLATE utf8mb4_unicode_ci NOT NULL,
  `created_at` timestamp NULL DEFAULT NULL,
  `updated_at` timestamp NULL DEFAULT NULL,
  PRIMARY KEY (`id`),
  KEY `images_producto_id_foreign` (`producto_id`),
  CONSTRAINT `images_producto_id_foreign` FOREIGN KEY (`producto_id`) REFERENCES `productos` (`id`) ON DELETE CASCADE
) ENGINE=InnoDB AUTO_INCREMENT=14 DEFAULT CHARSET=utf8mb4 COLLATE=utf8mb4_unicode_ci;

-- Volcando datos para la tabla control.images: ~11 rows (aproximadamente)
/*!40000 ALTER TABLE `images` DISABLE KEYS */;
INSERT INTO `images` (`id`, `producto_id`, `url`, `created_at`, `updated_at`) VALUES
	(2, 8, '/storage/productos/ebfVPfhHUPHBq8sUZzYRBSDbRJkEcUQ9mrWhnjR4.png', '2020-05-29 01:37:56', '2020-05-29 01:37:56'),
	(3, 9, '/storage/productos/WefrJbHBHecWmFER14KtPe1nLIy354ijLCPM4VcN.png', '2020-05-29 04:00:16', '2020-05-29 04:00:16'),
	(4, 10, '/storage/productos/MseaRAF8jJTLHlQCyxZ1eLoh8CjW6O7CB0EHoMM6.png', '2020-05-29 04:12:04', '2020-05-29 04:12:04'),
	(5, 21, '/storage/productos/qIZHYiK8vJ2wymuRhN1T5mE8eAQxEZv6EGqDC99V.jpeg', '2020-05-29 04:18:37', '2020-05-29 04:18:37'),
	(7, 8, '/storage/productos/aH40tZZ6RSWI9NkKxOt9dSLuJryZMv04FGjGszvG.png', '2020-05-30 01:41:14', '2020-05-30 01:41:14'),
	(8, 13, '/storage/productos/3QqvsgN53AgTmqILwtcOZZcTSmNzWOkKYC3sClbs.png', '2020-05-31 23:52:11', '2020-05-31 23:52:11'),
	(9, 24, '/storage/productos/V2ugWdyAA5uG9CYbIsp5ZWnHjAQBIkrZ9qZXIXpf.png', '2020-06-01 01:46:05', '2020-06-01 01:46:05'),
	(10, 24, '/storage/productos/49MVTUI5jClhOlK3l0MZ5PnO7siJzGjpPiGgQImF.jpeg', '2020-06-01 01:46:21', '2020-06-01 01:46:21'),
	(11, 24, '/storage/productos/BzApXVjZRid42MJpyzIGKSuJ0tCCMzpkief0ErPd.png', '2020-06-01 01:46:29', '2020-06-01 01:46:29'),
	(12, 24, '/storage/productos/7CcyewjXHwSwAFTenl3Obr3gceT9YSinwXIgcX2y.jpeg', '2020-06-01 01:46:29', '2020-06-01 01:46:29'),
	(13, 8, '/storage/productos/GXU27hk58cBS4AdFSQ2qNPJ2pKP83LGWmNUgmxdQ.png', '2020-07-10 22:56:55', '2020-07-10 22:56:55');
/*!40000 ALTER TABLE `images` ENABLE KEYS */;

-- Volcando estructura para tabla control.maestra
CREATE TABLE IF NOT EXISTS `maestra` (
  `id` int(10) unsigned NOT NULL AUTO_INCREMENT,
  `codigo` varchar(255) COLLATE utf8mb4_unicode_ci NOT NULL,
  `descripcion` varchar(255) COLLATE utf8mb4_unicode_ci NOT NULL,
  PRIMARY KEY (`id`)
) ENGINE=InnoDB AUTO_INCREMENT=5 DEFAULT CHARSET=utf8mb4 COLLATE=utf8mb4_unicode_ci;

-- Volcando datos para la tabla control.maestra: ~4 rows (aproximadamente)
/*!40000 ALTER TABLE `maestra` DISABLE KEYS */;
INSERT INTO `maestra` (`id`, `codigo`, `descripcion`) VALUES
	(1, 'TD', 'TIPO DOCUMENTO'),
	(2, 'G', 'GENERO'),
	(3, 'PR', 'PROFESION'),
	(4, 'UME', 'UNIDAD DE MEDIDA');
/*!40000 ALTER TABLE `maestra` ENABLE KEYS */;

-- Volcando estructura para tabla control.maestra_detalles
CREATE TABLE IF NOT EXISTS `maestra_detalles` (
  `id` int(10) unsigned NOT NULL AUTO_INCREMENT,
  `codigo` varchar(255) COLLATE utf8mb4_unicode_ci NOT NULL,
  `detalle` varchar(255) COLLATE utf8mb4_unicode_ci NOT NULL,
  `id_maestra` int(10) unsigned NOT NULL,
  `id_estado` int(10) unsigned NOT NULL,
  PRIMARY KEY (`id`),
  KEY `maestra_detalles_id_maestra_foreign` (`id_maestra`),
  KEY `maestra_detalles_id_estado_foreign` (`id_estado`),
  CONSTRAINT `maestra_detalles_id_estado_foreign` FOREIGN KEY (`id_estado`) REFERENCES `estado` (`id`),
  CONSTRAINT `maestra_detalles_id_maestra_foreign` FOREIGN KEY (`id_maestra`) REFERENCES `maestra` (`id`)
) ENGINE=InnoDB AUTO_INCREMENT=14 DEFAULT CHARSET=utf8mb4 COLLATE=utf8mb4_unicode_ci;

-- Volcando datos para la tabla control.maestra_detalles: ~10 rows (aproximadamente)
/*!40000 ALTER TABLE `maestra_detalles` DISABLE KEYS */;
INSERT INTO `maestra_detalles` (`id`, `codigo`, `detalle`, `id_maestra`, `id_estado`) VALUES
	(4, 'CC', 'CEDULA', 1, 1),
	(5, 'TI', 'TARJETA DE IDENTIDAD', 1, 1),
	(6, 'M', 'MASCULINO', 2, 1),
	(7, 'F', 'FEMENINO', 2, 1),
	(8, 'P', 'INGENIERO DE SISTEMAS', 3, 1),
	(9, 'M', 'MEDICO VETERINARIO', 3, 1),
	(10, 'CE', 'CEDULA EXTRANGERA', 1, 1),
	(11, 'PA', 'PASAPORTE', 1, 1),
	(12, 'PZA', 'Pieza', 4, 1),
	(13, 'CAJ', 'CAJA', 4, 1);
/*!40000 ALTER TABLE `maestra_detalles` ENABLE KEYS */;

-- Volcando estructura para tabla control.migrations
CREATE TABLE IF NOT EXISTS `migrations` (
  `id` int(10) unsigned NOT NULL AUTO_INCREMENT,
  `migration` varchar(255) COLLATE utf8mb4_unicode_ci NOT NULL,
  `batch` int(11) NOT NULL,
  PRIMARY KEY (`id`)
) ENGINE=InnoDB AUTO_INCREMENT=67 DEFAULT CHARSET=utf8mb4 COLLATE=utf8mb4_unicode_ci;

-- Volcando datos para la tabla control.migrations: ~37 rows (aproximadamente)
/*!40000 ALTER TABLE `migrations` DISABLE KEYS */;
INSERT INTO `migrations` (`id`, `migration`, `batch`) VALUES
	(1, '2014_10_12_000000_create_users_table', 1),
	(2, '2014_10_12_100000_create_password_resets_table', 1),
	(3, '2019_08_19_000000_create_failed_jobs_table', 1),
	(4, '2020_04_05_181024_create_personas_table', 1),
	(5, '2020_04_05_182601_create_maestra_table', 1),
	(6, '2020_04_05_182630_create_maestra_detalles_table', 1),
	(7, '2020_04_05_184615_create_ciudades_table', 1),
	(8, '2020_04_05_192255_create_estados_table', 1),
	(9, '2020_04_05_192256_create_departamentos_table', 1),
	(10, '2020_04_05_194218_add_foreign_key_to_personas', 1),
	(11, '2020_04_05_195133_add_foreign_key_to__maestradetalles', 1),
	(12, '2020_04_05_195747_add_foreign_key_to_ciudades', 1),
	(13, '2020_04_05_214618_add_foreign_key_to_users', 1),
	(14, '2020_04_04_033940_create_permission_tables', 1),
	(15, '2020_04_05_214619_create_projects_table', 2),
	(16, '2020_04_27_011040_create_proveedores_table', 1),
	(17, '2020_04_27_011059_create_ume_table', 1),
	(19, '2020_05_04_014442_add_foreign_key_to_users', 1),
	(21, '2020_04_13_005237_add_campo_to_personas', 3),
	(22, '2020_04_13_011628_add_campo_to_users', 4),
	(23, '2020_04_19_033940_create_permission_tables', 5),
	(25, '2020_04_27_011040_create_proveedores_table', 6),
	(27, '2020_04_27_011059_create_ume_table', 7),
	(28, '2020_04_27_011060_create_productos_table', 8),
	(29, '2020_05_04_014442_AddForeignKey', 1),
	(30, '2020_05_05_012645_add_foreign_to_users', 9),
	(32, '2020_05_24_001347_create_images_table', 10),
	(33, '2020_05_31_212232_create_notifications_table', 11),
	(34, '2020_04_01_022229_create_regla_impuestos_table', 12),
	(35, '2020_04_02_213713_create_presentacions_table', 13),
	(45, '2020_04_27_010828_create_categoria_table', 14),
	(58, '2020_06_07_031356_create_datos_empresas_table', 15),
	(61, '2020_06_07_035007_create_orden_compras_table', 16),
	(62, '2020_06_07_181816_create_detalle_ocs_table', 16),
	(63, '2020_07_14_211828_create_movimientos_table', 17),
	(65, '2020_07_14_224715_create_tipo_movimientos_table', 18),
	(66, '2020_07_14_211828_create_movimientos_producto_table', 19);
/*!40000 ALTER TABLE `migrations` ENABLE KEYS */;

-- Volcando estructura para tabla control.model_has_permissions
CREATE TABLE IF NOT EXISTS `model_has_permissions` (
  `permission_id` bigint(20) unsigned NOT NULL,
  `model_type` varchar(255) COLLATE utf8mb4_unicode_ci NOT NULL,
  `model_id` bigint(20) unsigned NOT NULL,
  PRIMARY KEY (`permission_id`,`model_id`,`model_type`),
  KEY `model_has_permissions_model_id_model_type_index` (`model_id`,`model_type`),
  CONSTRAINT `model_has_permissions_permission_id_foreign` FOREIGN KEY (`permission_id`) REFERENCES `permissions` (`id`) ON DELETE CASCADE
) ENGINE=InnoDB DEFAULT CHARSET=utf8mb4 COLLATE=utf8mb4_unicode_ci;

-- Volcando datos para la tabla control.model_has_permissions: ~4 rows (aproximadamente)
/*!40000 ALTER TABLE `model_has_permissions` DISABLE KEYS */;
INSERT INTO `model_has_permissions` (`permission_id`, `model_type`, `model_id`) VALUES
	(19, 'App\\User', 1),
	(20, 'App\\User', 1),
	(21, 'App\\User', 1),
	(22, 'App\\User', 1);
/*!40000 ALTER TABLE `model_has_permissions` ENABLE KEYS */;

-- Volcando estructura para tabla control.model_has_roles
CREATE TABLE IF NOT EXISTS `model_has_roles` (
  `role_id` bigint(20) unsigned NOT NULL,
  `model_type` varchar(255) COLLATE utf8mb4_unicode_ci NOT NULL,
  `model_id` bigint(20) unsigned NOT NULL,
  PRIMARY KEY (`role_id`,`model_id`,`model_type`),
  KEY `model_has_roles_model_id_model_type_index` (`model_id`,`model_type`),
  CONSTRAINT `model_has_roles_role_id_foreign` FOREIGN KEY (`role_id`) REFERENCES `roles` (`id`) ON DELETE CASCADE
) ENGINE=InnoDB DEFAULT CHARSET=utf8mb4 COLLATE=utf8mb4_unicode_ci;

-- Volcando datos para la tabla control.model_has_roles: ~2 rows (aproximadamente)
/*!40000 ALTER TABLE `model_has_roles` DISABLE KEYS */;
INSERT INTO `model_has_roles` (`role_id`, `model_type`, `model_id`) VALUES
	(15, 'App\\User', 1),
	(17, 'App\\User', 2);
/*!40000 ALTER TABLE `model_has_roles` ENABLE KEYS */;

-- Volcando estructura para tabla control.movimientos_producto
CREATE TABLE IF NOT EXISTS `movimientos_producto` (
  `id` int(10) unsigned NOT NULL AUTO_INCREMENT,
  `codigo_material` int(10) unsigned DEFAULT NULL,
  `cantidad` int(10) DEFAULT NULL,
  `movimiento` int(10) unsigned DEFAULT NULL,
  `fecha_movimiento` date DEFAULT NULL,
  `fecha_vto` date NOT NULL,
  `presentacion` varchar(255) COLLATE utf8mb4_unicode_ci DEFAULT NULL,
  `proveedor` varchar(255) COLLATE utf8mb4_unicode_ci DEFAULT NULL,
  `orden` int(10) unsigned DEFAULT NULL,
  `user` varchar(255) COLLATE utf8mb4_unicode_ci DEFAULT NULL,
  `created_at` timestamp NULL DEFAULT NULL,
  `updated_at` timestamp NULL DEFAULT NULL,
  PRIMARY KEY (`id`)
) ENGINE=InnoDB AUTO_INCREMENT=142 DEFAULT CHARSET=utf8mb4 COLLATE=utf8mb4_unicode_ci;

-- Volcando datos para la tabla control.movimientos_producto: ~26 rows (aproximadamente)
/*!40000 ALTER TABLE `movimientos_producto` DISABLE KEYS */;
INSERT INTO `movimientos_producto` (`id`, `codigo_material`, `cantidad`, `movimiento`, `fecha_movimiento`, `fecha_vto`, `presentacion`, `proveedor`, `orden`, `user`, `created_at`, `updated_at`) VALUES
	(85, 1002, 2, 101, '2020-07-16', '2020-07-22', 'Frasco', 'Surfit', 5001, 'Jose Luis Escobar Ramirez', '2020-07-16 19:41:19', '2020-07-16 19:41:19'),
	(87, 1003, 2, 101, '2020-07-16', '2020-07-21', 'Frasco', 'Surfit', 5001, 'Jose Luis Escobar Ramirez', '2020-07-16 19:43:04', '2020-07-16 19:43:04'),
	(89, 1002, 3, 101, '2020-07-16', '2020-07-22', 'Frasco', 'Surfit', 5002, 'Jose Luis Escobar Ramirez', '2020-07-16 19:46:39', '2020-07-16 19:46:39'),
	(91, 1003, 1, 101, '2020-07-16', '2020-07-29', 'Frasco', 'Surfit', 5002, 'Jose Luis Escobar Ramirez', '2020-07-16 19:47:28', '2020-07-16 19:47:28'),
	(92, 1003, 1, 101, '2020-07-16', '2020-07-29', 'Frasco', 'Surfit', 5002, 'Jose Luis Escobar Ramirez', '2020-07-16 19:49:31', '2020-07-16 19:49:31'),
	(93, 1002, 3, 101, '2020-07-16', '2020-07-28', 'Frasco', 'Surfit', 5002, 'Jose Luis Escobar Ramirez', '2020-07-16 19:52:12', '2020-07-16 19:52:12'),
	(94, 1003, 1, 101, '2020-07-16', '2020-07-21', 'Frasco', 'Surfit', 5002, 'Jose Luis Escobar Ramirez', '2020-07-16 19:52:41', '2020-07-16 19:52:41'),
	(95, 1003, 1, 101, '2020-07-16', '2020-07-21', 'Frasco', 'Surfit', 5002, 'Jose Luis Escobar Ramirez', '2020-07-16 19:53:47', '2020-07-16 19:53:47'),
	(96, 1002, 3, 101, '2020-07-16', '2020-07-21', 'Frasco', 'Surfit', 5002, 'Jose Luis Escobar Ramirez', '2020-07-16 19:54:52', '2020-07-16 19:54:52'),
	(97, 1003, 2, 101, '2020-07-16', '2020-08-05', 'Frasco', 'Surfit', 5002, 'Jose Luis Escobar Ramirez', '2020-07-16 19:55:18', '2020-07-16 19:55:18'),
	(98, 1002, 2, 101, '2020-07-16', '2020-07-29', 'Frasco', 'Surfit', 5004, 'Jose Luis Escobar Ramirez', '2020-07-16 20:51:39', '2020-07-16 20:51:39'),
	(99, 1007, 3, 101, '2020-07-17', '2023-05-17', 'Frasco', 'Surfit', 5007, 'Jose Luis Escobar Ramirez', '2020-07-17 12:26:26', '2020-07-17 12:26:26'),
	(100, 1008, 7, 101, '2020-07-17', '2022-09-20', 'Frasco', 'Surfit', 5007, 'Jose Luis Escobar Ramirez', '2020-07-17 12:26:26', '2020-07-17 12:26:26'),
	(101, 1009, 5, 101, '2020-07-17', '2022-10-11', 'Frasco', 'Surfit', 5007, 'Jose Luis Escobar Ramirez', '2020-07-17 12:26:26', '2020-07-17 12:26:26'),
	(102, 1009, 5, 101, '2020-07-17', '2022-09-29', 'Frasco', 'Surfit', 5007, 'Jose Luis Escobar Ramirez', '2020-07-17 12:27:26', '2020-07-17 12:27:26'),
	(103, 1009, -1, 102, '2020-07-17', '2020-07-17', 'Frasco', 'Surfit', 5007, 'Jose Luis Escobar Ramirez', '2020-07-17 13:14:01', '2020-07-17 13:14:02'),
	(104, 1002, 2, 101, '2020-07-17', '2020-08-05', 'Frasco', 'Surfit', 5004, 'Jose Luis Escobar Ramirez', '2020-07-17 13:18:25', '2020-07-17 13:18:25'),
	(106, 1002, 1, 101, '2020-07-17', '2020-07-31', 'Frasco', 'Surfit', 5005, 'Jose Luis Escobar Ramirez', '2020-07-17 13:21:47', '2020-07-17 13:21:47'),
	(123, 1002, 1, 101, '2020-07-17', '2020-08-05', 'Frasco', 'Surfit', 5005, 'Jose Luis Escobar Ramirez', '2020-07-17 13:33:45', '2020-07-17 13:33:45'),
	(126, 1007, 3, 101, '2020-07-17', '2020-07-23', 'Frasco', 'Surfit', 5007, 'Jose Luis Escobar Ramirez', '2020-07-17 13:36:04', '2020-07-17 13:36:04'),
	(129, 1008, 7, 101, '2020-07-17', '2020-07-21', 'Frasco', 'Surfit', 5007, 'Jose Luis Escobar Ramirez', '2020-07-17 13:37:11', '2020-07-17 13:37:11'),
	(130, 1009, 5, 101, '2020-07-17', '2020-07-29', 'Frasco', 'Surfit', 5007, 'Jose Luis Escobar Ramirez', '2020-07-17 13:37:38', '2020-07-17 13:37:38'),
	(138, 1009, 5, 101, '2020-07-17', '2020-07-31', 'Frasco', 'Surfit', 5007, 'Jose Luis Escobar Ramirez', '2020-07-17 14:06:24', '2020-07-17 14:06:24'),
	(139, 1002, 2, 101, '2020-07-17', '2020-08-05', 'Frasco', 'Surfit', 5006, 'Jose Luis Escobar Ramirez', '2020-07-17 14:07:37', '2020-07-17 14:07:37'),
	(140, 1003, 1, 101, '2020-07-17', '2020-07-21', 'Frasco', 'Surfit', 5006, 'Jose Luis Escobar Ramirez', '2020-07-17 14:08:04', '2020-07-17 14:08:04'),
	(141, 1003, 1, 101, '2020-07-17', '2020-07-24', 'Frasco', 'Surfit', 5006, 'Jose Luis Escobar Ramirez', '2020-07-17 14:08:33', '2020-07-17 14:08:33');
/*!40000 ALTER TABLE `movimientos_producto` ENABLE KEYS */;

-- Volcando estructura para tabla control.orden_compras
CREATE TABLE IF NOT EXISTS `orden_compras` (
  `id` int(10) unsigned NOT NULL AUTO_INCREMENT,
  `numero` int(10) unsigned NOT NULL DEFAULT '0',
  `id_empresa` int(10) unsigned NOT NULL,
  `id_proveedor` int(10) unsigned NOT NULL,
  `valor_compra` float unsigned NOT NULL DEFAULT '0',
  `cant_total` int(10) unsigned NOT NULL DEFAULT '0',
  `cant_recibida` int(10) unsigned NOT NULL DEFAULT '0',
  `id_user` int(10) unsigned NOT NULL,
  `id_estado` int(10) unsigned NOT NULL,
  `observaciones` text COLLATE utf8mb4_unicode_ci NOT NULL,
  `created_at` timestamp NULL DEFAULT NULL,
  `updated_at` timestamp NULL DEFAULT NULL,
  PRIMARY KEY (`numero`),
  UNIQUE KEY `Índice 5` (`id`),
  KEY `orden_compras_id_empresa_foreign` (`id_empresa`),
  KEY `orden_compras_id_proveedor_foreign` (`id_proveedor`),
  KEY `orden_compras_id_user_foreign` (`id_user`),
  KEY `orden_compras_id_estado_foreign` (`id_estado`),
  CONSTRAINT `orden_compras_id_empresa_foreign` FOREIGN KEY (`id_empresa`) REFERENCES `datos_empresas` (`id`),
  CONSTRAINT `orden_compras_id_estado_foreign` FOREIGN KEY (`id_estado`) REFERENCES `estado` (`id`),
  CONSTRAINT `orden_compras_id_proveedor_foreign` FOREIGN KEY (`id_proveedor`) REFERENCES `proveedor` (`id`),
  CONSTRAINT `orden_compras_id_user_foreign` FOREIGN KEY (`id_user`) REFERENCES `users` (`id`)
) ENGINE=InnoDB AUTO_INCREMENT=35 DEFAULT CHARSET=utf8mb4 COLLATE=utf8mb4_unicode_ci;

-- Volcando datos para la tabla control.orden_compras: ~8 rows (aproximadamente)
/*!40000 ALTER TABLE `orden_compras` DISABLE KEYS */;
INSERT INTO `orden_compras` (`id`, `numero`, `id_empresa`, `id_proveedor`, `valor_compra`, `cant_total`, `cant_recibida`, `id_user`, `id_estado`, `observaciones`, `created_at`, `updated_at`) VALUES
	(7, 5000, 1, 1, 107700, 0, 0, 1, 4, '', '2020-07-12 22:58:46', '2020-07-15 16:01:55'),
	(9, 5001, 1, 1, 41800, 4, 4, 1, 6, '', '2020-07-12 23:03:30', '2020-07-16 19:43:04'),
	(17, 5002, 1, 1, 53700, 5, 5, 1, 6, '', '2020-07-12 23:13:45', '2020-07-16 19:55:18'),
	(18, 5003, 1, 1, 23800, 0, 0, 1, 4, '', '2020-07-13 16:24:48', '2020-07-13 16:24:48'),
	(19, 5004, 1, 1, 47600, 4, 4, 1, 6, '', '2020-07-14 14:12:41', '2020-07-17 13:18:25'),
	(20, 5005, 1, 1, 23800, 2, 2, 1, 5, '', '2020-07-16 09:24:03', '2020-07-17 13:33:45'),
	(21, 5006, 1, 1, 41800, 4, 4, 1, 6, '', '2020-07-16 09:46:04', '2020-07-17 14:08:33'),
	(34, 5007, 1, 1, 101000, 20, 20, 1, 6, '', '2020-07-17 12:21:13', '2020-07-17 14:06:24');
/*!40000 ALTER TABLE `orden_compras` ENABLE KEYS */;

-- Volcando estructura para tabla control.password_resets
CREATE TABLE IF NOT EXISTS `password_resets` (
  `email` varchar(255) COLLATE utf8mb4_unicode_ci NOT NULL,
  `token` varchar(255) COLLATE utf8mb4_unicode_ci NOT NULL,
  `created_at` timestamp NULL DEFAULT NULL,
  KEY `password_resets_email_index` (`email`)
) ENGINE=InnoDB DEFAULT CHARSET=utf8mb4 COLLATE=utf8mb4_unicode_ci;

-- Volcando datos para la tabla control.password_resets: ~0 rows (aproximadamente)
/*!40000 ALTER TABLE `password_resets` DISABLE KEYS */;
/*!40000 ALTER TABLE `password_resets` ENABLE KEYS */;

-- Volcando estructura para tabla control.permissions
CREATE TABLE IF NOT EXISTS `permissions` (
  `id` bigint(20) unsigned NOT NULL AUTO_INCREMENT,
  `name` varchar(255) COLLATE utf8mb4_unicode_ci NOT NULL,
  `display_name` varchar(255) COLLATE utf8mb4_unicode_ci NOT NULL,
  `guard_name` varchar(255) COLLATE utf8mb4_unicode_ci NOT NULL,
  `created_at` timestamp NULL DEFAULT NULL,
  `updated_at` timestamp NULL DEFAULT NULL,
  PRIMARY KEY (`id`)
) ENGINE=InnoDB AUTO_INCREMENT=23 DEFAULT CHARSET=utf8mb4 COLLATE=utf8mb4_unicode_ci;

-- Volcando datos para la tabla control.permissions: ~16 rows (aproximadamente)
/*!40000 ALTER TABLE `permissions` DISABLE KEYS */;
INSERT INTO `permissions` (`id`, `name`, `display_name`, `guard_name`, `created_at`, `updated_at`) VALUES
	(3, 'Update roles', 'Actualizar Roles', 'web', '2020-05-22 02:42:03', '2020-05-22 02:42:03'),
	(4, 'Delete roles', 'Eliminar Roles', 'web', '2020-05-22 03:21:44', '2020-05-22 03:21:44'),
	(5, 'View roles', 'Ver Roles', 'web', '2020-05-22 03:22:03', '2020-05-22 03:22:03'),
	(6, 'Create roles', 'Crear Roles', 'web', '2020-05-22 03:22:28', '2020-05-22 03:22:28'),
	(7, 'Create users', 'Crear Usuarios', 'web', '2020-05-22 03:52:06', '2020-05-22 03:52:06'),
	(8, 'View users', 'Ver Usuarios', 'web', '2020-05-22 03:52:21', '2020-05-22 03:52:21'),
	(9, 'Delete users', 'Eliminar Usuarios', 'web', '2020-05-22 03:52:37', '2020-05-22 03:52:37'),
	(10, 'Update users', 'Actualizar Usuarios', 'web', '2020-05-22 03:53:04', '2020-05-22 03:53:04'),
	(15, 'View products', 'Ver Productos', 'web', '2020-05-31 22:34:44', '2020-05-31 22:34:44'),
	(16, 'Create products', 'Crear Productos', 'web', '2020-05-31 22:34:57', '2020-05-31 22:34:57'),
	(17, 'Update products', 'Actualizar Productos', 'web', '2020-05-31 22:35:11', '2020-05-31 22:35:11'),
	(18, 'Delete products', 'Eliminar Productos', 'web', '2020-05-31 22:35:24', '2020-05-31 22:35:24'),
	(19, 'View orders', 'Ver Ordenes', 'web', '2020-07-12 22:08:01', '2020-07-12 22:08:01'),
	(20, 'Update orders', 'Actualizar Ordenes', 'web', '2020-07-12 22:08:24', '2020-07-12 22:08:24'),
	(21, 'Delete orders', 'Eliminar Ordenes', 'web', '2020-07-12 22:08:39', '2020-07-12 22:08:39'),
	(22, 'Create orders', 'Crear Ordenes', 'web', '2020-07-12 22:08:53', '2020-07-12 22:08:53');
/*!40000 ALTER TABLE `permissions` ENABLE KEYS */;

-- Volcando estructura para tabla control.personas
CREATE TABLE IF NOT EXISTS `personas` (
  `id` int(10) unsigned NOT NULL AUTO_INCREMENT,
  `id_tipodocumento` int(10) unsigned NOT NULL,
  `documento` bigint(20) NOT NULL,
  `nombre` varchar(255) COLLATE utf8mb4_unicode_ci NOT NULL,
  `apellidos` varchar(255) COLLATE utf8mb4_unicode_ci NOT NULL,
  `id_genero` int(10) unsigned NOT NULL,
  `email` varchar(255) COLLATE utf8mb4_unicode_ci NOT NULL,
  `telefono` bigint(20) NOT NULL,
  `direccion` varchar(255) COLLATE utf8mb4_unicode_ci NOT NULL,
  `id_departamento` int(10) unsigned DEFAULT NULL,
  `id_ciudad` int(10) unsigned NOT NULL,
  `observacion` text COLLATE utf8mb4_unicode_ci,
  `tipo` int(11) NOT NULL,
  `created_at` timestamp NULL DEFAULT NULL,
  `updated_at` timestamp NULL DEFAULT NULL,
  PRIMARY KEY (`id`),
  KEY `personas_id_tipodocumento_foreign` (`id_tipodocumento`),
  KEY `personas_id_genero_foreign` (`id_genero`),
  KEY `personas_id_ciudad_foreign` (`id_ciudad`),
  KEY `Documento_unico` (`documento`),
  CONSTRAINT `personas_id_ciudad_foreign` FOREIGN KEY (`id_ciudad`) REFERENCES `ciudades` (`id`),
  CONSTRAINT `personas_id_genero_foreign` FOREIGN KEY (`id_genero`) REFERENCES `maestra_detalles` (`id`),
  CONSTRAINT `personas_id_tipodocumento_foreign` FOREIGN KEY (`id_tipodocumento`) REFERENCES `maestra_detalles` (`id`)
) ENGINE=InnoDB AUTO_INCREMENT=15 DEFAULT CHARSET=utf8mb4 COLLATE=utf8mb4_unicode_ci;

-- Volcando datos para la tabla control.personas: ~3 rows (aproximadamente)
/*!40000 ALTER TABLE `personas` DISABLE KEYS */;
INSERT INTO `personas` (`id`, `id_tipodocumento`, `documento`, `nombre`, `apellidos`, `id_genero`, `email`, `telefono`, `direccion`, `id_departamento`, `id_ciudad`, `observacion`, `tipo`, `created_at`, `updated_at`) VALUES
	(1, 4, 1075250713, 'Jose Luis', 'Escobar Ramirez', 6, 'joseluise@outlook.com', 3197757661, 'Carrera 29B No. 11a-05', 41, 603, 'Usuario administador', 1, '2020-04-05 18:16:43', '2020-05-14 23:58:07'),
	(10, 4, 1075281067, 'Norma Constanza', 'Lozano Garcia', 7, 'connylozano17@gmail.com', 3143886645, 'Carrera 29b No. 11a-05', NULL, 603, 'Nuevo usuario', 1, '2020-04-22 02:58:42', '2020-04-22 02:58:42'),
	(14, 4, 1075265681, 'Erica', 'Escobar', 7, 'erica1684@hotmail.com', 3123456798, 'Carrera 23D No. 11-11', NULL, 603, NULL, 1, '2020-05-13 04:08:47', '2020-05-13 04:08:47');
/*!40000 ALTER TABLE `personas` ENABLE KEYS */;

-- Volcando estructura para tabla control.presentaciones
CREATE TABLE IF NOT EXISTS `presentaciones` (
  `id` bigint(20) unsigned NOT NULL AUTO_INCREMENT,
  `codigo` varchar(255) COLLATE utf8mb4_unicode_ci NOT NULL,
  `descripcion` varchar(255) COLLATE utf8mb4_unicode_ci NOT NULL,
  `created_at` timestamp NULL DEFAULT NULL,
  `updated_at` timestamp NULL DEFAULT NULL,
  PRIMARY KEY (`id`)
) ENGINE=InnoDB AUTO_INCREMENT=4 DEFAULT CHARSET=utf8mb4 COLLATE=utf8mb4_unicode_ci;

-- Volcando datos para la tabla control.presentaciones: ~3 rows (aproximadamente)
/*!40000 ALTER TABLE `presentaciones` DISABLE KEYS */;
INSERT INTO `presentaciones` (`id`, `codigo`, `descripcion`, `created_at`, `updated_at`) VALUES
	(1, 'FRA', 'Frasco', '2020-06-02 16:58:57', '2020-06-02 16:58:57'),
	(2, 'BOL', 'Bolsa', '2020-06-02 16:59:11', '2020-06-02 16:59:11'),
	(3, 'AMPO', 'Ampolla', '2020-06-02 16:59:31', '2020-06-02 16:59:31');
/*!40000 ALTER TABLE `presentaciones` ENABLE KEYS */;

-- Volcando estructura para tabla control.productos
CREATE TABLE IF NOT EXISTS `productos` (
  `id` int(10) unsigned NOT NULL AUTO_INCREMENT,
  `codigo` int(10) unsigned NOT NULL DEFAULT '0',
  `nombre` varchar(255) COLLATE utf8mb4_unicode_ci NOT NULL,
  `referencia` varchar(255) COLLATE utf8mb4_unicode_ci NOT NULL,
  `id_categoria` int(10) unsigned NOT NULL,
  `id_proveedor` int(10) unsigned NOT NULL,
  `reg_sanitario` varchar(50) COLLATE utf8mb4_unicode_ci NOT NULL DEFAULT '0',
  `ean` bigint(20) NOT NULL DEFAULT '0',
  `id_presentacion` int(10) unsigned NOT NULL,
  `contenido` int(10) unsigned NOT NULL,
  `id_ume` int(10) unsigned NOT NULL,
  `precio_compra` float unsigned NOT NULL DEFAULT '0',
  `precio_venta` float unsigned NOT NULL DEFAULT '0',
  `id_regla_impuesto` int(10) unsigned NOT NULL,
  `id_estado` int(10) unsigned NOT NULL,
  `descripcion` text COLLATE utf8mb4_unicode_ci,
  `created_at` timestamp NULL DEFAULT NULL,
  `updated_at` timestamp NULL DEFAULT NULL,
  PRIMARY KEY (`id`),
  KEY `productos_id_categoria_foreign` (`id_categoria`),
  KEY `productos_id_proveedor_foreign` (`id_proveedor`),
  KEY `productos_id_estado_foreign` (`id_estado`),
  CONSTRAINT `productos_id_categoria_foreign` FOREIGN KEY (`id_categoria`) REFERENCES `categoria` (`id`),
  CONSTRAINT `productos_id_estado_foreign` FOREIGN KEY (`id_estado`) REFERENCES `estado` (`id`),
  CONSTRAINT `productos_id_proveedor_foreign` FOREIGN KEY (`id_proveedor`) REFERENCES `proveedor` (`id`)
) ENGINE=InnoDB AUTO_INCREMENT=25 DEFAULT CHARSET=utf8mb4 COLLATE=utf8mb4_unicode_ci;

-- Volcando datos para la tabla control.productos: ~16 rows (aproximadamente)
/*!40000 ALTER TABLE `productos` DISABLE KEYS */;
INSERT INTO `productos` (`id`, `codigo`, `nombre`, `referencia`, `id_categoria`, `id_proveedor`, `reg_sanitario`, `ean`, `id_presentacion`, `contenido`, `id_ume`, `precio_compra`, `precio_venta`, `id_regla_impuesto`, `id_estado`, `descripcion`, `created_at`, `updated_at`) VALUES
	(8, 1002, 'Calostren', 'panal', 2, 1, '12234234', 2345678, 1, 5, 1, 10000, 15000, 2, 1, 'Producto a base de leche calostra, sirve para revitalizar las defensas de toda la familia', '2020-05-29 01:32:41', '2020-07-11 21:07:25'),
	(9, 1003, 'Zarza', 'Epanat', 1, 1, '12', 0, 1, 10, 1, 9000, 12000, 1, 1, 'Alimentos para la vida zarzat con 18 estractos', '2020-05-29 02:06:41', '2020-07-11 20:46:48'),
	(10, 1004, 'Colageno Hidrolizado Marino', 'Colageno', 1, 1, '12', 0, 1, 10, 1, 9000, 13000, 1, 1, NULL, '2020-05-29 02:07:20', '2020-07-11 20:47:07'),
	(11, 1005, 'Trin Energy', 'Proteinas', 2, 1, '12', 0, 1, 10, 3, 8500, 13500, 1, 1, 'Proteinas', '2020-05-29 02:07:52', '2020-07-11 20:47:50'),
	(12, 1006, 'Biotina', 'Biotina', 1, 1, '12', 0, 1, 10, 1, 8000, 12600, 1, 1, NULL, '2020-05-29 02:08:56', '2020-07-11 20:48:24'),
	(13, 1007, 'Factor trans', 'Stevia', 1, 1, '1223423487', 747832642, 1, 10, 1, 14000, 16000, 1, 1, NULL, '2020-05-29 02:09:23', '2020-06-04 01:49:38'),
	(14, 1008, 'Collagen y biotina', 'Complemento', 1, 1, '12', 0, 1, 10, 1, 7000, 13000, 1, 1, NULL, '2020-05-29 02:09:52', '2020-07-11 20:48:47'),
	(15, 1009, 'Sumplemento', 'GHR-15', 1, 1, '12', 0, 1, 10, 1, 1000, 1400, 1, 1, NULL, '2020-05-29 02:10:21', '2020-07-11 20:49:37'),
	(16, 1010, 'Bronquisan kids', 'Vitamina', 1, 1, '12', 0, 1, 10, 2, 11000, 16000, 1, 1, NULL, '2020-05-29 02:11:02', '2020-07-11 20:49:56'),
	(17, 1011, 'Lina-non+pita', 'Linaza', 1, 1, '12', 0, 1, 10, 3, 15000, 24000, 1, 1, NULL, '2020-05-29 02:11:43', '2020-07-11 20:50:19'),
	(18, 1012, 'Biotina 900 mcg', 'Biotina', 1, 1, '12', 0, 1, 10, 5, 20000, 23000, 1, 1, NULL, '2020-05-29 02:12:03', '2020-07-11 20:51:26'),
	(19, 1013, 'Almendril-milk', 'Milk', 1, 1, '12', 0, 1, 10, 4, 30000, 35000, 1, 1, NULL, '2020-05-29 02:12:27', '2020-05-29 02:12:27'),
	(21, 1014, 'Curcuma', 'Polvo de cúrcuma', 2, 1, '12', 0, 1, 10, 5, 12000, 16000, 1, 1, 'Polvo para hidratacion fácial', '2020-05-29 04:17:48', '2020-05-29 04:17:48'),
	(22, 1015, 'Producto A', 'A', 1, 1, '1234', 0, 1, 12, 2, 1300, 1500, 1, 2, 'sd', '2020-06-01 01:36:48', '2020-06-01 01:37:33'),
	(23, 1016, 'Estrogeno', 'Estrogeno', 2, 2, '135468', 0, 1, 10, 6, 15200, 20000, 1, 1, 'Proteína con estrogenos', '2020-06-01 01:45:11', '2020-06-01 01:45:11'),
	(24, 1017, 'Estrogeno', 'Estrogeno', 2, 2, '135468', 0, 1, 10, 7, 15200, 22000, 1, 1, 'Proteína con estrogenos', '2020-06-01 01:45:11', '2020-06-01 01:45:11');
/*!40000 ALTER TABLE `productos` ENABLE KEYS */;

-- Volcando estructura para tabla control.projects
CREATE TABLE IF NOT EXISTS `projects` (
  `id` bigint(20) unsigned NOT NULL AUTO_INCREMENT,
  `title` varchar(255) COLLATE utf8mb4_unicode_ci NOT NULL,
  `descripcion` text COLLATE utf8mb4_unicode_ci NOT NULL,
  `created_at` timestamp NULL DEFAULT NULL,
  `updated_at` timestamp NULL DEFAULT NULL,
  PRIMARY KEY (`id`)
) ENGINE=InnoDB AUTO_INCREMENT=2 DEFAULT CHARSET=utf8mb4 COLLATE=utf8mb4_unicode_ci;

-- Volcando datos para la tabla control.projects: ~1 rows (aproximadamente)
/*!40000 ALTER TABLE `projects` DISABLE KEYS */;
INSERT INTO `projects` (`id`, `title`, `descripcion`, `created_at`, `updated_at`) VALUES
	(1, 'fklj', 'slkdfj', '2020-04-22 00:29:31', '2020-04-22 00:29:31');
/*!40000 ALTER TABLE `projects` ENABLE KEYS */;

-- Volcando estructura para tabla control.proveedor
CREATE TABLE IF NOT EXISTS `proveedor` (
  `id` int(10) unsigned NOT NULL AUTO_INCREMENT,
  `nit` bigint(20) NOT NULL,
  `nombre` varchar(255) COLLATE utf8mb4_unicode_ci NOT NULL,
  `direccion` varchar(255) COLLATE utf8mb4_unicode_ci NOT NULL,
  `telefono` bigint(20) NOT NULL,
  `user_register_id` int(11) NOT NULL DEFAULT '0',
  `created_at` timestamp NULL DEFAULT NULL,
  `updated_at` timestamp NULL DEFAULT NULL,
  PRIMARY KEY (`id`)
) ENGINE=InnoDB AUTO_INCREMENT=8 DEFAULT CHARSET=utf8mb4 COLLATE=utf8mb4_unicode_ci;

-- Volcando datos para la tabla control.proveedor: ~4 rows (aproximadamente)
/*!40000 ALTER TABLE `proveedor` DISABLE KEYS */;
INSERT INTO `proveedor` (`id`, `nit`, `nombre`, `direccion`, `telefono`, `user_register_id`, `created_at`, `updated_at`) VALUES
	(1, 870875643, 'Surfit', 'Bogota', 12345, 0, '2020-05-22 18:25:37', '2020-06-05 04:48:26'),
	(2, 7879863456, 'Funat', 'Medellin', 5676543, 0, '2020-05-22 20:31:36', '2020-05-22 20:31:37'),
	(6, 7879863, 'Funat', 'Medellin', 123456, 0, '2020-06-05 04:39:58', '2020-06-05 04:39:58'),
	(7, 1075250713, 'JGB', 'Bogota', 134535, 0, '2020-06-05 05:00:36', '2020-06-05 05:00:36');
/*!40000 ALTER TABLE `proveedor` ENABLE KEYS */;

-- Volcando estructura para tabla control.regla_impuestos
CREATE TABLE IF NOT EXISTS `regla_impuestos` (
  `id` int(10) unsigned NOT NULL AUTO_INCREMENT,
  `nombre` varchar(255) COLLATE utf8mb4_unicode_ci NOT NULL,
  `tasa` int(11) NOT NULL,
  `created_at` timestamp NULL DEFAULT NULL,
  `updated_at` timestamp NULL DEFAULT NULL,
  PRIMARY KEY (`id`)
) ENGINE=InnoDB AUTO_INCREMENT=3 DEFAULT CHARSET=utf8mb4 COLLATE=utf8mb4_unicode_ci;

-- Volcando datos para la tabla control.regla_impuestos: ~2 rows (aproximadamente)
/*!40000 ALTER TABLE `regla_impuestos` DISABLE KEYS */;
INSERT INTO `regla_impuestos` (`id`, `nombre`, `tasa`, `created_at`, `updated_at`) VALUES
	(1, 'SIN IMPUESTO', 0, '2020-05-31 23:10:15', '2020-05-31 23:10:15'),
	(2, 'IVA 19%', 19, '2020-05-31 22:27:52', '2020-05-31 22:28:15');
/*!40000 ALTER TABLE `regla_impuestos` ENABLE KEYS */;

-- Volcando estructura para tabla control.roles
CREATE TABLE IF NOT EXISTS `roles` (
  `id` bigint(20) unsigned NOT NULL AUTO_INCREMENT,
  `name` varchar(255) COLLATE utf8mb4_unicode_ci NOT NULL,
  `display_name` varchar(255) COLLATE utf8mb4_unicode_ci NOT NULL,
  `guard_name` varchar(255) COLLATE utf8mb4_unicode_ci NOT NULL,
  `created_at` timestamp NULL DEFAULT NULL,
  `updated_at` timestamp NULL DEFAULT NULL,
  PRIMARY KEY (`id`)
) ENGINE=InnoDB AUTO_INCREMENT=19 DEFAULT CHARSET=utf8mb4 COLLATE=utf8mb4_unicode_ci;

-- Volcando datos para la tabla control.roles: ~4 rows (aproximadamente)
/*!40000 ALTER TABLE `roles` DISABLE KEYS */;
INSERT INTO `roles` (`id`, `name`, `display_name`, `guard_name`, `created_at`, `updated_at`) VALUES
	(15, 'Admin', 'Administrador', 'web', '2020-05-19 22:04:48', '2020-05-19 22:04:49'),
	(16, 'Customer', 'Customer', 'web', '2020-05-22 02:58:18', '2020-05-22 02:58:18'),
	(17, 'Usuario', 'Usuario', 'web', '2020-05-22 03:50:41', '2020-05-22 03:50:41'),
	(18, 'Cliente', 'Cliente', 'web', '2020-05-31 20:07:49', '2020-05-31 20:07:49');
/*!40000 ALTER TABLE `roles` ENABLE KEYS */;

-- Volcando estructura para tabla control.role_has_permissions
CREATE TABLE IF NOT EXISTS `role_has_permissions` (
  `permission_id` bigint(20) unsigned NOT NULL,
  `role_id` bigint(20) unsigned NOT NULL,
  PRIMARY KEY (`permission_id`,`role_id`),
  KEY `role_has_permissions_role_id_foreign` (`role_id`),
  CONSTRAINT `role_has_permissions_permission_id_foreign` FOREIGN KEY (`permission_id`) REFERENCES `permissions` (`id`) ON DELETE CASCADE,
  CONSTRAINT `role_has_permissions_role_id_foreign` FOREIGN KEY (`role_id`) REFERENCES `roles` (`id`) ON DELETE CASCADE
) ENGINE=InnoDB DEFAULT CHARSET=utf8mb4 COLLATE=utf8mb4_unicode_ci;

-- Volcando datos para la tabla control.role_has_permissions: ~3 rows (aproximadamente)
/*!40000 ALTER TABLE `role_has_permissions` DISABLE KEYS */;
INSERT INTO `role_has_permissions` (`permission_id`, `role_id`) VALUES
	(3, 15),
	(4, 15),
	(5, 16);
/*!40000 ALTER TABLE `role_has_permissions` ENABLE KEYS */;

-- Volcando estructura para tabla control.tipo_movimientos
CREATE TABLE IF NOT EXISTS `tipo_movimientos` (
  `id` int(10) unsigned NOT NULL AUTO_INCREMENT,
  `tipo_movimiento` int(10) unsigned NOT NULL,
  `movimiento` varchar(255) COLLATE utf8mb4_unicode_ci NOT NULL,
  `direccion_mov` varchar(255) COLLATE utf8mb4_unicode_ci NOT NULL,
  `created_at` timestamp NULL DEFAULT NULL,
  `updated_at` timestamp NULL DEFAULT NULL,
  PRIMARY KEY (`id`)
) ENGINE=InnoDB AUTO_INCREMENT=3 DEFAULT CHARSET=utf8mb4 COLLATE=utf8mb4_unicode_ci;

-- Volcando datos para la tabla control.tipo_movimientos: ~2 rows (aproximadamente)
/*!40000 ALTER TABLE `tipo_movimientos` DISABLE KEYS */;
INSERT INTO `tipo_movimientos` (`id`, `tipo_movimiento`, `movimiento`, `direccion_mov`, `created_at`, `updated_at`) VALUES
	(1, 101, 'Entrada de mercancia', 'Entrada', '2020-07-15 14:46:36', '2020-07-15 14:46:36'),
	(2, 102, 'Anulacion entrada mercancia', 'Salida', '2020-07-15 14:47:07', '2020-07-15 14:47:07');
/*!40000 ALTER TABLE `tipo_movimientos` ENABLE KEYS */;

-- Volcando estructura para tabla control.ume
CREATE TABLE IF NOT EXISTS `ume` (
  `id` int(10) unsigned NOT NULL AUTO_INCREMENT,
  `nombre` varchar(255) COLLATE utf8mb4_unicode_ci NOT NULL,
  `abreviatura` varchar(255) COLLATE utf8mb4_unicode_ci NOT NULL,
  `created_at` timestamp NULL DEFAULT NULL,
  `updated_at` timestamp NULL DEFAULT NULL,
  PRIMARY KEY (`id`)
) ENGINE=InnoDB AUTO_INCREMENT=8 DEFAULT CHARSET=utf8mb4 COLLATE=utf8mb4_unicode_ci;

-- Volcando datos para la tabla control.ume: ~7 rows (aproximadamente)
/*!40000 ALTER TABLE `ume` DISABLE KEYS */;
INSERT INTO `ume` (`id`, `nombre`, `abreviatura`, `created_at`, `updated_at`) VALUES
	(1, 'Pieza', 'PZA', '2020-06-02 22:52:29', '2020-06-02 22:52:34'),
	(2, 'Caja', 'CAJ', '2020-06-02 22:52:46', '2020-06-02 22:52:46'),
	(3, 'Litro', 'L', NULL, NULL),
	(4, 'Centimetro Cubico', 'CM', NULL, NULL),
	(5, 'Mililitro', 'ML', NULL, NULL),
	(6, 'Gramo', 'G', NULL, NULL),
	(7, 'Onza', 'OZ', NULL, NULL);
/*!40000 ALTER TABLE `ume` ENABLE KEYS */;

-- Volcando estructura para tabla control.users
CREATE TABLE IF NOT EXISTS `users` (
  `id` int(10) unsigned NOT NULL AUTO_INCREMENT,
  `username` varchar(50) COLLATE utf8mb4_unicode_ci NOT NULL DEFAULT '',
  `id_persona` int(10) unsigned DEFAULT NULL,
  `email_verified_at` timestamp NULL DEFAULT NULL,
  `password` varchar(255) COLLATE utf8mb4_unicode_ci DEFAULT NULL,
  `observacion` varchar(255) COLLATE utf8mb4_unicode_ci DEFAULT NULL,
  `remember_token` varchar(100) COLLATE utf8mb4_unicode_ci DEFAULT NULL,
  `created_at` timestamp NULL DEFAULT NULL,
  `updated_at` timestamp NULL DEFAULT NULL,
  PRIMARY KEY (`id`),
  UNIQUE KEY `users_username_unique` (`username`),
  KEY `users_id_persona_foreign` (`id_persona`),
  CONSTRAINT `users_id_persona_foreign` FOREIGN KEY (`id_persona`) REFERENCES `personas` (`id`)
) ENGINE=InnoDB AUTO_INCREMENT=11 DEFAULT CHARSET=utf8mb4 COLLATE=utf8mb4_unicode_ci;

-- Volcando datos para la tabla control.users: ~4 rows (aproximadamente)
/*!40000 ALTER TABLE `users` DISABLE KEYS */;
INSERT INTO `users` (`id`, `username`, `id_persona`, `email_verified_at`, `password`, `observacion`, `remember_token`, `created_at`, `updated_at`) VALUES
	(1, '1075250713', 1, '2020-04-05 18:38:11', '$2y$10$LZJhbTd6ZA/5yQ2EXEgi0Ol0WkpUyTG2kuXbKlqtjHESAfUQyn4sq', 'Usuario administador', '7G30slBfOsIzB3au2LxfaqizDkxGzqDMsi6b4Mdy6SiHkdIjJSHmOvdZnrw0', '2020-04-06 22:05:57', '2020-07-18 10:15:35'),
	(2, '1075281067', 10, '2020-05-04 19:04:09', '$2y$10$JLWlTTBc25ys7c4nymJYfOEvGQRfK.e.O0zEie6SiPnKNmQrSduai', NULL, 'JK7HW0sViOtrqqfDjuYsLHq4Fp2QpGEa2kawimfEyisFSviYIl2iZftfrEKa', NULL, NULL),
	(9, '123', 12, NULL, '$2y$10$dgqmMyawJ3g0awO9aeZH5egOpdxTpC5qBQ1yOzVXF2cKhyGq6Y5CO', NULL, 'XocwkU1KQ7swH38JsouTy1S14aCIkcxzhMmIA8jZvYVekX4OkYonI63SGtg7', '2020-05-13 02:36:26', '2020-05-13 02:59:44'),
	(10, '654', 13, NULL, '$2y$10$WNEjiOJ8Sn8PmZ5McHr.TesjJNSOwqHsBYUira.sH40c9GGd/nKNC', NULL, NULL, '2020-05-13 02:38:37', '2020-05-13 02:49:59');
/*!40000 ALTER TABLE `users` ENABLE KEYS */;

/*!40101 SET SQL_MODE=IFNULL(@OLD_SQL_MODE, '') */;
/*!40014 SET FOREIGN_KEY_CHECKS=IF(@OLD_FOREIGN_KEY_CHECKS IS NULL, 1, @OLD_FOREIGN_KEY_CHECKS) */;
/*!40101 SET CHARACTER_SET_CLIENT=@OLD_CHARACTER_SET_CLIENT */;
